plot_name;prop_at_5m;prop_at_10m;prop_at_15m;prop_at_20m;prop_at_25m;prop_at_30m;prop_at_35m;prop_at_40m;h10;h25;h50;h75;h90;h100;auc_norm;auc;auc_0_25;auc_25_75;auc_75_100;slope_basal;slope_transition;slope_upper;height_max_d1;max_d1;WD_BA;prop_g_helio;prop_g_npld;prop_g_shade;PCA1;PCA2;CA1;CA2;NSCA_DBH1;NSCA_DBH2;X_utm;Y_utm
123;0,00190954773869347;0,01889447236180899;0,06904522613065329;0,1450251256281410;0,3716582914572860;0,653668341708543;0,974271356783920;1,000000000000000;17,33536585365850;22,74740124740130;27,32427843803060;31,3939573459716;33,3756177924218;39;0,333456757471568;12,67135678391960;1,119698492462310;3,87884422110553;6,67577889447236;0,00950421670590133;0,0568753986449796;0,00297458832002467;31,68592964824120;0,0757316664966890;0,749035644368820;4,179224686160420;36,59367502608780;59,227100287751803;1,3681007110866827;-1,5443458115242961;-0,1530718479137593;0,6435423912673573;1,3082019420110054;-1,8238454606904080;663834,423975131;9720459,2028349526
148;0,17274509803921601;0,20941176470588199;0,24578431372549001;0,3171568627450980;0,4598039215686270;0,646862745098039;0,815490196078431;0,962745098039216;2,64668094218415;15,45744680851060;25,92760180995480;32,8315789473684;37,4635294117647;43;0,469173669467787;19,70529411764710;2,514950980392160;7,18828431372549;9,01401960784314;0,01282781644541900;0,0303335715743720;0,00648471928749428;2,03768844221106;0,0586577367773400;0,690298572170951;5,104952163094230;40,93844397896420;53,956603857941602;-0,5546410961496040;3,7269966990442565;-0,2019168329399462;0,5890655770156809;1,6306664690445987;-1,8498009251191494;663851,009508859;9718462,4458994176
162;0,00080402010050251;0,00844221105527638;0,05427135678391960;0,1299497487437190;0,2535678391959800;0,464321608040201;0,774271356783920;0,970050251256281;18,11627906976740;24,88585209003220;30,65619223659890;34,5672043010753;37,6300715990454;45;0,358595248972133;15,77819095477390;1,290653266331660;4,10206030150754;9,40130653266332;0,00948589341574609;0,0529181676934223;0,00521034391179787;32,27889447236180;0,0651017021841871;0,676398886605620;6,083603645176520;59,40699725586120;34,509399098962298;2,7655812013727950;-0,2592148132647226;-0,1547388503739899;0,5853835477289470;1,9875442205712055;-2,5237404643319694;666833,399404335;9717533,3024826702
166;0,00010050251256281;0,00311557788944724;0,01376884422110550;0,0550753768844221;0,2319597989949750;0,559095477386935;0,866030150753769;0,993266331658291;22,00000000000000;25,25606276747500;28,87012987012990;32,8514246947083;35,6575875486381;43;0,338303421871261;14,20874371859300;0,834673366834171;2,99095477386935;9,39195979899497;0,00629746725183605;0,0640952923024439;0,00438934102016154;26,94221105527640;0,0690764389443981;0,631734285939406;6,319353570882830;70,23380047471430;23,446845954402900;2,2178483452371403;-1,3939019801549000;-0,1493525018947383;0,6482142288558073;1,3647893227521566;-1,4900809787959035;664302,502489239;9715971,9170113783
180;0,00290000000000000;0,02920000000000000;0,10280000000000000;0,2136000000000000;0,3908000000000000;0,573600000000000;0,763800000000000;0,900400000000000;14,83132530120480;20,94300518134720;27,95468277945620;34,6674698795181;39,9821428571429;49;0,444793750000000;21,35010000000000;1,154800000000000;6,32875000000000;12,89060000000000;0,01161149686042730;0,0363001288464088;0,00775729646732128;31,09296482412060;0,0385407180913862;0,631656607537616;11,430532611156099;18,03047361429750;70,538993774546398;2,2478991371885271;2,1410576143141116;-0,1412319394655313;0,5367629253018641;0,7725317429613339;-1,0530012136984261;664308,806929752;9712961,1487670653
184;0,00784313725490196;0,01588235294117650;0,03215686274509800;0,0711764705882353;0,1596078431372550;0,354313725490196;0,647254901960784;0,869901960784314;22,24864864864870;27,69924812030080;32,22338568935430;37,4411134903640;40,6356107660456;46;0,318082788671024;14,31372549019610;1,347892156862750;4,54401960784314;7,42691176470588;0,00719519310550657;0,0544480505749969;0,00697653693857448;31,38944723618090;0,0627998130936629;0,687912246838358;6,652357417914030;52,40205012668750;40,945592455398398;4,1754660737118208;-0,0749818389161606;-0,1298249095745914;0,6389299997583413;1,5095783071342781;-1,9773352178590895;663308,059527028;9711930,4686431699
189;0,05794117647058819;0,12705882352941200;0,18529411764705900;0,2341176470588240;0,2737254901960780;0,331274509803922;0,462254901960784;0,715294117647059;7,78947368421052;22,61538461538460;35,96491228070180;40,8388625592417;45,2588832487310;54;0,428705142434332;22,72137254901960;2,878823529411760;6,88058823529412;11,97686274509800;0,01219116587343520;0,0265767819838480;0,01125084210920100;38,50502512562810;0,0570389506399294;0,700126455914726;5,040111413852320;51,91363296613740;43,046255620010299;4,4138056806395909;4,3762775298627226;-0,1027766749846022;0,5406753397543786;1,2825479954532668;-1,3554847280813718;664356,869957984;9710949,3916810174
199;0,00412060301507538;0,01869346733668340;0,04000000000000000;0,0826130653266332;0,1587939698492460;0,297085427135678;0,562110552763819;0,873869346733668;21,41401273885350;28,16729323308270;34,18253968253970;37,6361464968153;40,5427974947808;46;0,304710217755444;13,71195979899500;1,684472361809050;3,59849246231156;7,42869346733668;0,00764389460929227;0,0543208127106612;0,00641848461436469;35,54020100502510;0,0739715500534828;0,730906064498780;3,578603498926620;42,12053171224390;54,300864788829401;4,5277951220314776;-0,3563382453121718;-0,1812033954447334;0,6021251816288136;1,7010913578039719;-2,3903821221894943;666316,499639654;9708958,8450935408
41;0,00120603015075377;0,01447236180904520;0,08592964824120600;0,2279396984924620;0,3887437185929650;0,547939698492462;0,723919597989950;0,897085427135678;15,65420560747660;20,67538461538460;28,24902723735410;35,9505494505494;40,1043165467626;48;0,422944509782958;19,87839195979900;1,013969849246230;6,87969849246231;11,00281407035180;0,01148896999865260;0,0331747957982699;0,00790313569136581;31,98241206030150;0,0407508135992732;0,698174916972418;12,923905899202000;22,39069450546550;64,685399595332598;2,5573188756940595;1,9514937410472890;-0,2192165255974205;0,5783379508146146;1,5269953416249553;-2,1861539874432432;658998,515775772;9726327,7824687324
53;0,00211055276381910;0,06261306532663320;0,22311557788944700;0,4593969849246231;0,7240201005025130;0,897487437185930;0,976080402010050;1,000000000000000;11,68131868131870;15,64302884615380;20,65798045602610;25,4616071428571;30,1677852348993;40;0,493879654683675;19,26130653266330;0,788040201005026;4,42070351758794;13,05638190954770;0,01588316546966900;0,0520347940379500;0,00423196778632861;20,41959798994980;0,0549605437938963;0,712967096210527;8,493822119051449;20,20063921071810;71,305538670230405;-1,6486206770214744;0,5009115246942487;-0,1545596342863234;0,6130513527317923;1,1786160452424044;-0,6178984864887492;658900,428345554;9725370,0924682431
Betamba_1;0,02280000000000000;0,05280000000000000;0,12600000000000000;0,2864000000000000;0,6280000000000000;0,793600000000000;0,986800000000000;1,000000000000000;13,71111111111110;19,24166666666670;22,95744680851060;28,7721518987342;32,2417582417582;36;0,370782857142857;12,97740000000000;1,351000000000000;4,35160000000000;6,27100000000000;0,01181427688993960;0,0561908764138770;0,00418735585427191;21,90201005025130;0,0736942482725753;0,482952918220068;56,989957687882999;25,46534267596210;17,544699636154899;-0,1854871777648693;-0,9478928821754359;1,2825917038422807;-1,1853608289380160;1,1959347414164423;4,0898057532152539;468827,987331624;9807860,9478054624
Betamba_2;0,11360000000000001;0,17799999999999999;0,28839999999999999;0,6112000000000000;0,7304000000000000;0,823200000000000;0,912800000000000;0,993200000000000;4,39285714285714;13,40625000000000;18,56937799043060;26,1355932203390;34,3725490196078;42;0,553897560975610;22,70980000000000;1,571600000000000;6,60840000000000;13,51880000000000;0,01699187741731480;0,0470719942555482;0,00644828400950369;18,34422110552760;0,0795351024403104;0,466485920244863;71,640382395707803;21,13068882607500;7,228928778217290;-2,3528867801785034;2,8859585574701554;1,3961008751944266;-1,2559974495197053;1,3376973240409480;3,6618525818772900;468759,976302250;9807465,0106223561
Betamba_3;0,00440000000000000;0,01200000000000000;0,02520000000000000;0,1308000000000000;0,3396000000000000;0,436800000000000;0,671200000000000;0,941200000000000;19,16304347826090;22,06060606060610;31,86315789473680;36,0851063829787;38,4482758620690;44;0,335390697674419;14,42180000000000;0,805600000000000;5,95520000000000;6,60660000000000;0,00692002155147438;0,0302871837244764;0,00500976677142914;35,83668341708540;0,0713398755071552;0,467313882724366;59,242280789114297;20,86605410434710;19,891665106538600;3,1754089574221895;0,0910313816994829;1,0690087863842450;-0,8498628513589427;1,1239774540839402;3,6446302373382369;468947,946926817;9807465,0385482460
Betamba_4;0,02999999999999999;0,07760000000000000;0,17840000000000000;0,6896000000000000;0,9180000000000000;0,968400000000000;1,000000000000000;1,000000000000000;12,57142857142860;16,16017316017320;18,31313131313130;21,1052631578947;24,4444444444444;35;0,489047058823529;16,62760000000000;1,045200000000000;2,27000000000000;12,26000000000000;0,01293466407134790;0,1117200734868180;0,00311905333380092;18,04773869346730;0,1195864914787110;0,388442956479716;77,634306473194215;10,12021108484140;12,245482441964400;-3,3323160833258467;-1,8556712139394380;1,3221837834867409;-1,1247703118648857;1,5967703848724406;10,1405704078748844;468970,021010889;9807869,0376970638
GIL1;0,00070000000000000;0,00320000000000000;0,01430000000000000;0,0343000000000000;0,1009000000000000;0,240000000000000;0,682900000000000;0,990500000000000;24,94078947368420;30,17889087656530;33,16353383458650;35,7365532381998;37,6907051282051;43;0,258407142857143;10,85310000000000;1,308200000000000;1,93520000000000;6,61330000000000;0,00629507968859559;0,0963781429414415;0,00377612079611268;33,46482412060300;0,1038575949062780;0,670021289085385;4,140340457578430;3,03437993387475;92,825279608546793;3,8024469995033967;-2,7852097440636081;0,2499982297808301;0,4838088780794697;-19,8593731434644845;0,4496733775251941;224317,123158598;91487,2905526854
GIL2;0,00380000000000000;0,00970000000000000;0,02540000000000000;0,0863000000000000;0,2211000000000000;0,531900000000000;0,970800000000000;1,000000000000000;20,56846473029050;25,82336182336180;29,61144945188790;32,1892430278884;33,8255114320096;38;0,262659459459460;9,71840000000000;1,123250000000000;2,78130000000000;4,79400000000000;0,00796287012928720;0,0808215044493909;0,00246616170606478;31,38944723618090;0,1006394443635660;0,675164591028605;7,450686338070070;7,91580839892068;84,633505263009297;2,0443282849221993;-3,0250037548685933;0,2613268602860679;0,4631182362026094;-16,2428707471521676;0,2920398300988249;225312,013976792;91634,4128099304
GIL3;0,00146398594573492;0,00331836814366582;0,00917431192660550;0,0534842865508491;0,1937341401522550;0,422115947686902;0,832520007807925;0,999219207495608;21,94061433447100;26,38561320754720;31,02947598253280;33,7397043294615;36,4315126050420;41;0,277834032793285;11,11336131173140;0,969988288112434;2,67138395471403;6,48941050165918;0,00692003535351543;0,0680907139283811;0,00422992393043932;32,27889447236180;0,0909870199730036;0,673235427502365;12,506417563066000;9,50562594041764;77,987956496516404;2,8510737306410281;-2,2740117185852431;0,3039978614957637;0,3987783431803772;-14,9594536673949996;0,4744117719735573;221505,981345391;88123,5292747155
JEU-L6B;0,00095147478591817;0,00466222645099905;0,01760228353948620;0,0880114176974310;0,2372978116079920;0,422169362511893;0,750142721217888;0,998667935299714;20,41584158415840;25,49261992619930;31,26746987951810;34,9977511244378;37,1369661266569;41;0,278377735490010;11,13510941960040;1,090960989533780;3,54871550903901;5,52683158896289;0,00820473028523183;0,0550336658583671;0,00405507320795880;31,98241206030150;0,0696750561805930;0,644903399399444;7,215756466265610;25,90716578311030;66,877077750624096;3,1148663549957001;-1,5593533668535340;0,2200333053052421;0,2841272137124076;0,6263876285986195;-0,7748304561368974;225051,115448064;92346,1104040534
JEU2;0,00520000000000000;0,03070000000000000;0,15780000000000000;0,7104000000000000;0,9893999999999999;0,999900000000000;1,000000000000000;1,000000000000000;13,59333333333330;16,32606438213920;18,52697419859270;20,3055555555556;22,0548523206751;31;0,430698333333334;12,92095000000000;0,660250000000000;1,50575000000000;9,71300000000000;0,01140100373887100;0,1289947057478660;0,00137108066090042;19,23366834170850;0,1368030262742990;0,281860405949400;97,634627192324800;1,83132709092735;0,534045716747891;-3,5307511658119091;-3,6232115716401854;1,7825254676138309;-1,6802081547382404;2,2349490033357982;18,2164211893012187;220849,285637918;87939,0951061700
JEU3;0,11857976653696500;0,29941634241245102;0,60544747081712103;0,9626459143968871;0,9867704280155640;0,989494163424125;0,994747081712062;1,000000000000000;4,19067796610170;8,24691358024691;13,82991202346040;16,5730223123732;18,4344703770198;40;0,702461837773122;27,39601167315180;0,846108949416342;3,06862840466926;22,48030155642020;0,02911257193530470;0,0596338357827819;0,00156862082964941;15,97236180904520;0,0937888854322088;0,312681517932898;92,464190726764301;5,10725957256789;2,428549700667820;-6,5723513710343111;2,7031900683284498;2,0343518678545705;-2,0277555034319246;1,3836760083069035;7,6713758173248063;221115,561995642;88061,0361191377
JEU4;0,03400000000000000;0,09650000000000000;0,20490000000000000;0,5527000000000000;0,9030000000000000;0,949200000000000;0,999500000000000;1,000000000000000;10,27131782945740;16,23566878980890;19,49326923076920;21,7140169332079;24,8739495798319;36;0,492440000000000;17,23540000000000;1,320250000000000;1,83515000000000;13,09030000000000;0,01464450197366690;0,0955200112293429;0,00320184497804998;20,12311557788940;0,1116097041880700;0,344466343333328;83,027559693462393;8,66234002158358;8,310100284954030;-3,0204889640358412;-1,3400673308705402;1,4818485084093500;-1,3168801942170119;2,1581265601153419;17,1395365926011927;220653,004753915;87748,8680623843
Lokofa_1;0,38860000000000000;0,57030000000000003;0,66439999999999999;0,7634000000000000;0,8623000000000000;0,929600000000000;0,978100000000000;0,996300000000000;3,20091324200913;3,88584474885845;7,62595419847328;19,1184210526316;27,5472972972973;44;0,743263953488372;31,96035000000000;0,029650000000000;8,71720000000000;22,29220000000000;0,06417588680957310;0,0258446821605383;0,00488355759824380;3,81658291457286;0,1288693499836900;0,525331345059469;24,770437320095901;47,11727370861630;28,112288971287899;-7,9164457055357698;7,0122843731279882;0,5911013585276916;-0,2834462548511891;0,9281121398252452;-0,1908663502120391;451692,984760206;9811919,9504051525
Lokofa_2;0,04549999999999999;0,10940000000000000;0,26850000000000002;0,4287000000000000;0,6125000000000000;0,837500000000000;0,985000000000000;1,000000000000000;9,56074766355140;14,38127090301000;22,02887139107610;28,2257383966245;31,2739273927393;40;0,484738461538462;18,90480000000000;1,093000000000000;6,35880000000000;10,43645000000000;0,01786156136470840;0,0361353265775720;0,00383241111244010;29,61055276381910;0,0491096247810035;0,567394442339608;25,743434295497501;25,93044920791960;48,326116496582898;-1,0552146085034058;1,4795644171534541;0,2646219208794604;-0,2261840828683489;0,6324172638733943;-0,1045412436236431;452345,002600961;9811959,9989971835
Lokofa_3;0,23260000000000000;0,52990000000000004;0,69869999999999999;0,8410000000000000;0,9517000000000000;0,989200000000000;1,000000000000000;1,000000000000000;3,80829596412556;5,20863309352518;9,36518046709129;16,7181208053691;22,6610169491525;33;0,673676562500000;21,55765000000000;0,263350000000000;5,53330000000000;14,74320000000000;0,06071567722312780;0,0401625903176358;0,00337717444282568;4,70603015075377;0,0938510029114641;0,544942022335511;23,011573909326799;36,29223258312780;40,696193507545402;-7,5434955006837656;3,7158001606871007;0,1567885184271495;-0,3900267308839318;0,8745051435018475;0,1894497864530755;452320,944616634;9812607,9447558131
Lokofa_4;0,06270000000000001;0,16810000000000000;0,30209999999999998;0,5357000000000000;0,7628000000000000;0,889900000000000;0,928200000000000;0,970700000000000;6,53992395437262;13,23469387755100;18,99637681159420;24,7142857142857;30,9901960784314;44;0,571965116279070;24,59450000000000;1,279450000000000;4,84985000000000;17,46700000000000;0,02144838138377070;0,0447468433000433;0,00526281263630425;17,75125628140700;0,0520554788957564;0,573872343671599;19,544361330494500;26,04008248945560;54,415556180049897;-2,5145464775467237;2,7345658076635400;0,1555678074654271;-0,2490458201546376;0,8543067470194577;0,0561989887365628;451669,029249023;9812597,9619249813
M2P1;0,00240000000000000;0,02999999999999999;0,06680000000000000;0,1640000000000000;0,4312000000000000;0,828500000000000;0,982900000000000;0,996800000000000;17,28350515463920;22,13988657844990;25,71666666666670;28,7461773700306;31,2821100917431;41;0,402632500000000;16,10530000000000;1,250000000000000;2,44065000000000;11,41170000000000;0,00962423688619108;0,0817712999508271;0,00337829662630188;26,05276381909550;0,0910238778212519;0,694475282880927;15,481035543666700;32,56099559391010;51,957968862423293;0,2184281731319102;-1,5950137726192910;-0,2440904334486967;0,6466372254736845;1,3271692352112932;-2,0123264968103891;672255,395888266;9728505,9494961835
M2P10;0,00000000000000000;0,01670000000000000;0,08060000000000000;0,2240000000000000;0,4900000000000000;0,897600000000000;0,980300000000000;0,988300000000000;15,97979797979800;20,66666666666670;25,11325028312570;27,6346782988004;30,0603015075377;49;0,519697916666667;24,94550000000000;0,978300000000000;2,62420000000000;20,36185000000000;0,01116146966204580;0,0712055163238462;0,00323437241100275;26,34924623115580;0,0989852977914582;0,704236641780394;6,695583863496740;27,44148222870350;65,862933907799800;-0,6731300617471722;0,1107456960272382;-0,2435390130239014;0,6974744970084645;1,1630136297598193;-1,2171375029547160;676006,700637231;9734889,0782545302
M2P11;0,01430000000000000;0,09310000000000000;0,29930000000000001;0,4948000000000000;0,7544999999999999;0,907800000000000;0,989400000000000;1,000000000000000;10,28048780487800;13,97768762677480;20,11111111111110;24,9006622516556;29,7243816254417;38;0,492472972972973;18,22150000000000;0,686400000000000;4,65085000000000;11,92595000000000;0,01689125388301320;0,0448072459323440;0,00432187542191738;22,49497487437190;0,0557826815809949;0,657500079134871;7,587672647864320;22,06523404626220;70,347093305873500;-2,0160272113197748;0,6278358188818577;-0,2843917546838036;0,6795057009590920;1,2873389937239532;-1,6945931358739199;676608,930576501;9735511,7063046489
M2P12;0,12239999999999999;0,16700000000000001;0,22950000000000001;0,3116000000000000;0,4385000000000000;0,669500000000000;0,925900000000000;0,998300000000000;2,99358974358974;16,21052631578950;26,33139534883720;31,6218809980806;34,3774038461538;41;0,447922500000000;17,91690000000000;2,288800000000000;6,18225000000000;8,44725000000000;0,01241345136565970;0,0328413794750911;0,00400528458340698;32,87185929648240;0,0548577392845105;0,653928564254394;9,103363616350110;51,67091968460340;39,225716699046501;0,0979951398158428;2,2379607212584318;-0,2962666935736213;0,6541776001124764;1,4557170045762713;-2,1389077036569328;676607,959237890;9735187,2792083323
M2P13;0,00237623762376238;0,01485148514851489;0,13029702970297000;0,3523762376237620;0,7548514851485150;0,988316831683168;1,000000000000000;1,000000000000000;14,27315914489310;17,95833333333330;22,09731543624160;24,9447576099211;27,1199261992620;34;0,384842484248425;12,69980198019800;0,658762376237624;2,59722772277228;8,50029702970297;0,01249675866584770;0,0732484024671057;0,00230504642619283;23,38442211055280;0,0882447342988325;0,657192921473554;5,920879028836320;23,95339027640280;70,125730694760904;-1,4321840767133718;-2,2675916865503671;-0,2601792805149981;0,7009711829655455;1,4037134227115238;-1,9440219673396908;676183,484264565;9735131,9129074644
M2P14;0,01475441661813240;0,07746068724519510;0,21015336827800399;0,5128130460104831;0,9258396427878079;1,000000000000000;1,000000000000000;1,000000000000000;11,19477611940300;15,91629464285710;19,83743842364530;22,6345951629863;24,6511140235911;29;0,365022741769975;10,22063676955930;0,925208697340323;2,70151426907397;5,62444185595030;0,01563629178249910;0,0757595655292703;0,00167014386679530;21,60552763819100;0,0901672269171558;0,543699691607110;11,496381255948400;86,54589811913310;1,957720624918530;-2,4193133117306886;-2,4805141833791824;0,3224330358572512;2,7423495542998824;0,8516816594376274;-0,1902040483002785;668758,683321103;9726064,0122529417
M2P15;0,00106775383420695;0,04436031838477969;0,50980392156862697;0,9905843525529021;1,0000000000000000;1,000000000000000;1,000000000000000;1,000000000000000;11,47755102040820;13,20038759689920;14,93860182370820;16,4049556213018;17,8456621004566;22;0,347052352294053;7,28809939817511;0,420549407881965;1,03329450592118;4,78426519122501;0,01346737734302570;0,1653126013063770;0,00108046144204722;15,08291457286430;0,1630848528620650;0,574557256480786;44,176527682274497;42,37303461748720;13,450437700238300;-5,2066111251325120;-5,3694303399707319;-0,0862891801487760;1,4347194283423748;0,9982112607778376;-0,6269733345924727;668510,566437841;9726164,0814931523
M2P16;0,01562803339157450;0,09988351776354108;0,25160163075130998;0,4487478159580660;0,8246942341292950;0,984954377790720;1,000000000000000;1,000000000000000;10,00425531914890;14,94778481012660;20,81105990783410;23,9662576687117;26,4870159453303;33;0,427508008153757;13,68025626092020;0,928848767229664;3,39550572704329;8,40652300524170;0,03927133687701240;0,0548418824126357;0,00242545139345088;22,79145728643220;0,0806237301623454;0,621795535009695;25,823286832836299;37,98012635797180;36,196586809191899;-2,3186144942047671;-1,0232387606302706;-0,2788512201985837;0,6939258352371955;1,3996539761687437;-0,0151009418752545;668161,009502859;9725987,2468083967
M2P2;0,00070000000000000;0,00390000000000000;0,02200000000000000;0,1274000000000000;0,5914000000000000;0,930900000000000;0,994000000000000;1,000000000000000;19,11326860841420;21,88187919463090;24,28369905956110;26,6026252983294;29,0000000000000;38;0,374218918918919;13,84610000000000;0,540450000000000;1,88545000000000;10,45725000000000;0,00722045174963824;0,1131486469243400;0,00285916826547947;24,27386934673370;0,1173573055271550;0,694677733427073;6,638227475427270;42,40685658666760;50,954915937905099;-0,5804369462792948;-3,2250475976410895;-0,2464152678893451;0,5813960094406782;1,4990216741849329;-2,1457931868248412;672046,658610186;9728455,7521547619
M2P9;0,09170000000000000;0,11640000000000000;0,14910000000000001;0,2117000000000000;0,3811000000000000;0,686500000000000;0,965400000000000;1,000000000000000;6,41860465116279;21,65454545454550;27,08387096774190;30,7257142857143;33,0167597765363;38;0,366985135135135;13,57845000000000;2,498550000000000;3,58530000000000;6,51860000000000;0,00883547004401927;0,0557626772449832;0,00323389284847656;30,20351758793970;0,0750045992085173;0,641942972642423;28,381647057172895;19,99784306566720;51,620509877160003;0,6049311488583134;-0,1310557605675481;-0,4589863953639844;0,4912023703801068;1,1716967047851898;-1,8279259898319669;675614,279838094;9735151,3396796975
MIX-L6A;0,00171086398631309;0,00617811995057504;0,02129075182967400;0,1017013591863890;0,3385609732915120;0,720653930234769;0,974051896207585;1,000000000000000;19,93115384615390;23,51268412438630;27,30395299145300;30,4869873817035;33,0489194499018;40;0,339656462410953;13,24660203402720;0,792937933656496;2,92880904856953;8,52480752780154;0,00718107033115427;0,0752701335069778;0,00352312477665035;27,83165829145730;0,0842841646506252;0,638520286467947;1,070399256062510;27,43174668993930;71,497854053998196;1,1584521917936681;-2,1003003993758798;0,2361736401778362;0,2289589195477768;0,8358183355554529;-0,4040374481838900;226348,716640639;92263,6967303854
MIX-L7A;0,00009559315553006;0,00009559315553006;0,00353694675461237;0,0174935474620017;0,0815409616671446;0,298919797342510;0,647261256094064;0,943791224548322;25,65016835016830;29,08123877917410;32,83707124010550;36,4575657894737;39,0084415584416;48;0,329494352885185;15,48623458560370;0,893891597361630;3,04937386483128;10,51758914061750;0,00519465062176504;0,0696226925320458;0,00543368873983012;32,27889447236180;0,0726501779000609;0,674928961559939;5,609232833144690;16,09180986031840;78,298957306536906;4,0030444045809883;-0,8923880567654896;0,1397971974042414;0,3652259126229035;0,5910480206436997;-0,8224354074295935;226131,085268087;93177,9067924872
MIX2;0,00020000000000000;0,00170000000000000;0,02120000000000000;0,0968000000000000;0,2895000000000000;0,611900000000000;0,846900000000000;0,998400000000000;20,15458937198070;24,20841683366730;28,22871664548920;32,9877450980392;36,4298507462687;41;0,319522500000000;12,78090000000000;0,933900000000000;3,58170000000000;7,27065000000000;0,00775906717175662;0,0607668351191737;0,00518395578464163;27,83165829145730;0,0697862355511180;0,665028263164137;1,382471586610370;33,93855411693510;64,678974296454498;2,1678617370289572;-1,4193899720880763;0,2449873577180866;0,2664422540657436;0,5304643135235165;-0,2675173935121123;223159,333350287;90005,8669918645
MIX6;0,00330000000000000;0,01080000000000000;0,04440000000000000;0,1034000000000000;0,2639000000000000;0,556000000000000;0,847800000000000;0,962300000000000;19,76870748299320;24,62021857923500;29,06354515050170;33,1913696060038;36,8638297872340;50;0,435470408163265;21,33805000000000;1,167400000000000;3,97095000000000;15,18765000000000;0,00842334783124003;0,0606398979926671;0,00584158868593411;28,72110552763820;0,0627045629886082;0,646148763802375;4,105230846532850;29,95703783801700;65,937731315450193;2,0946098724160640;0,5863798177808763;0,2126313330455703;0,1606823960975984;0,5327077292241863;-0,2817559079859479;220359,447669766;88795,8322433612
Model_OR_lidar_87_Principal;0,00050000000000000;0,01670000000000000;0,09500000000000000;0,2141000000000000;0,4107000000000000;0,663200000000000;0,880300000000000;0,994000000000000;15,27624309392270;21,30628272251310;26,83236994219650;31,6147186147186;35,7035714285714;43;0,401726190476191;16,87250000000000;1,263350000000000;4,40325000000000;10,20380000000000;0,01179931956588490;0,0491400287520586;0,00526446186012217;29,31407035175880;0,0532491866774898;0,585487275390671;22,499063172699401;31,99250424298600;45,508432584314598;1,3465507673100763;0,0908332212777631;0,2918565343440936;0,0811923375105416;1,1238282357085452;1,8403536081705802;377350,984173594;79244,9496853803
Modele_2406_Principal;0,00480000000000000;0,02210000000000000;0,06730000000000000;0,1478000000000000;0,3998000000000000;0,787400000000000;0,937100000000000;0,997200000000000;17,33750000000000;22,83235867446390;26,24753694581280;29,3506944444444;33,3732394366197;42;0,396514634146341;16,25710000000000;1,152250000000000;2,90330000000000;11,21000000000000;0,00930003488317675;0,0804306192781404;0,00479943995301652;26,94221105527640;0,0853306262503099;0,634375789741125;8,620091684307200;18,43115464430410;72,948753671388701;0,6741586952998151;-1,2818651623731412;-0,0244163854729987;0,2282846826454192;-1,3823979793581032;-0,4504140607759720;772603,350491165;9747426,1877933759
Modele_4301_Principal;0,00060000000000000;0,04370000000000000;0,19170000000000001;0,3568000000000000;0,5380000000000000;0,819900000000000;0,989200000000000;1,000000000000000;12,07894736842110;16,86363636363640;23,70833333333330;29,0729442970822;31,2708803611738;37;0,395366666666667;14,23320000000000;0,860500000000000;5,69785000000000;6,65225000000000;0,01551466958001240;0,0388502245564299;0,00304707160589900;29,31407035175880;0,0688613130252488;0,636506334552029;18,153793701063901;28,96143947325820;52,884766825677907;-0,2781597088911272;-0,3861657864619736;0,2240701391689550;0,5772790939926452;-3,2412319745535485;-0,2190752641057674;452651,192869354;9935147,9880845193
Modele_4402_Principal;0,01080808080808080;0,06989898989898991;0,16151515151515200;0,2311111111111110;0,3731313131313130;0,674848484848485;0,915454545454545;0,994343434343434;11,71176470588240;21,31219512195120;27,35808580858090;30,9185185185185;34,4269662921348;43;0,420658970658971;17,66767676767680;1,995404040404040;3,50419191919192;11,19843434343430;0,01389120341953460;0,0519524965031426;0,00478450329101892;29,90703517587940;0,0742484330180284;0,651334988059448;8,610865743079451;16,01318645017900;75,375947806741493;0,8860596027477911;0,1925110586342426;0,3724665142537159;0,1995266243846973;0,8464631457589566;0,0218180742024319;285809,055621645;9677176,5182547867
Modele_4503_Principal;0,03356800326497300;0,10274461789613300;0,25803489439853100;0,4332210998877670;0,7347209468421591;0,952555861646771;1,000000000000000;1,000000000000000;9,84360465116279;14,76838235294120;21,42152917505030;25,2136233951498;27,8159459459460;35;0,443418138605304;15,07621671258040;0,993368023671055;4,55718804203653;8,51448831751862;0,01701463167272530;0,0455747388214353;0,00285588015080766;24,57035175879400;0,0739656727800438;0,501207423722136;27,044055110071401;60,85379692533240;12,102147964596300;-1,8560781016708947;-0,2207693457894081;0,9203436932279092;-0,6622831742246708;0,8384216160220250;-0,4406143800682115;596044,502600727;9479332,1193479989
Modele_MA_lidar_205_principal;0,00280000000000000;0,01490000000000000;0,07260000000000000;0,1946000000000000;0,4200000000000000;0,739700000000000;0,982000000000000;1,000000000000000;16,14285714285710;21,54306220095690;26,59246575342470;30,1760683760684;32,8229755178908;38;0,339883783783784;12,57570000000000;1,093050000000000;3,87490000000000;6,59060000000000;0,01067981060180070;0,0566848512754650;0,00345822864619965;28,72110552763820;0,0711235914098422;0,627546817211436;4,746021384304410;25,82791545594220;69,426063159753397;0,9168388677910917;-1,4855412010516560;0,4457218804280511;0,1906001180532019;0,7435229229418242;-0,2080014512001020;425217,983396988;9678057,0288788155
PARAP_Gungu_5;0,02460000000000000;0,41380000000000000;0,93350000000000000;0,9935000000000000;1,0000000000000000;1,000000000000000;1,000000000000000;1,000000000000000;6,50212765957447;8,30506721820062;10,63522476050110;12,5598621877692;14,3106995884774;24;0,584330434782609;13,43960000000000;0,343250000000000;1,46440000000000;10,62005000000000;0,22795659855155101;0,1209572325282310;0,00122666050907414;11,22864321608040;0,1291962178193570;0,544603720945961;30,035963965930300;29,64498065920370;40,319055374865997;-8,5891352424172425;-1,2301869818722162;0,5861716640180746;0,8602311699065484;0,7427546584188315;-0,3365260196611797;341341,101111389;9358874,9822129104
PARAP_Idiofa_6;0,07672686460565251;0,36292215080093898;0,59493929190898898;0,7833894500561172;0,9254157739006220;0,996632996632997;1,000000000000000;1,000000000000000;5,56044226044226;7,99751773049646;12,90042826552460;18,8829365079365;24,0269531250000;32;0,587137257225234;18,20125497398220;0,366952351800837;4,98954188348128;11,89531680440770;-0,06599693489406790;0,0451333349517634;0,00333829169001031;7,67085427135678;0,0641172103958655;0,645456062621043;12,628251723037099;59,47178567354810;27,899962603414799;-5,1777154159153005;1,7102267148294030;0,4174248283790549;0,0746654699069784;0,8404272868327426;-0,4880005324482045;397967,553870920;9436036,5100604072
PARAP_Luhudi_5;0,01183552698704210;0,12315069890827500;0,57422711968166495;0,9245995306601370;0,9766350372410980;0,987246199367411;0,999795939189879;1,000000000000000;9,29534161490683;11,91393979057590;14,34103260869570;16,6629050925926;19,2272435897436;36;0,615250630402146;21,53377206407510;0,449545964697480;1,86664626058565;18,26420773390470;0,01854014907524470;0,1090251648349460;0,00217098119933873;14,48994974874370;0,1131931918035510;0,498633188375883;44,191591807220199;31,49978725427890;24,308620938500901;-5,7105846636999873;-0,6050786823104697;0,9011173580621767;-0,6867393272075827;0,9449928404422030;1,5246925648781362;422824,450265895;9493048,5045933500
PARAP_Lukolela_53;0,00414141414141414;0,02575757575757579;0,08777777777777780;0,2851515151515150;0,5969696969696970;0,836060606060606;0,929696969696970;0,989898989898990;15,56279069767440;19,34090909090910;23,55877862595420;27,8709677419355;32,4512820512821;42;0,446127124907613;18,29121212121210;0,925101010101011;3,49909090909091;12,87479797979800;0,01037659261417650;0,0608344635160530;0,00509048724433337;24,27386934673370;0,0642938191419230;0,752455462105297;31,834108482495800;12,45110615995840;55,714785357545800;-0,1769573354766602;-0,2255349028562308;-0,1980114829336153;0,4253831509820452;0,9232469823444681;-0,5019432665911897;720898,384712407;9855666,4304014407
PARAP_Mampulu_28;0,00750000000000000;0,04179999999999999;0,15429999999999999;0,3910000000000000;0,8905999999999999;1,000000000000000;1,000000000000000;1,000000000000000;12,97674418604650;17,39600000000000;21,28402366863910;23,5573770491803;25,1437308868502;30;0,342662068965517;9,93720000000000;0,961200000000000;2,24800000000000;5,72980000000000;0,01343365293482380;0,0821885267967496;0,00141386238803123;22,79145728643220;0,1117861066887590;0,546408294556489;27,492205604632300;47,43783791943860;25,069956475929100;-1,9560568932494549;-3,1676014144203402;0,2607218122868508;0,3501207404592481;0,7673649127633553;-0,2986911590015810;781618,980916087;9580875,8262906857
PARAP_Mangai_16;0,00290000000000000;0,01770000000000000;0,08720000000000000;0,2039000000000000;0,3488000000000000;0,513800000000000;0,742700000000000;0,915400000000000;15,59534883720930;21,74836601307190;29,53535353535350;35,1465863453815;39,0552147239264;49;0,429594791666667;20,62055000000000;1,213200000000000;6,20620000000000;12,19115000000000;0,01158931506109550;0,0367219566873795;0,00691610970668944;34,35427135678390;0,0489047416195406;0,686729289594707;6,242684855838630;4,44773771392283;89,309577430238505;2,5688830328884453;1,7542283091415078;0,3124200883388384;0,1577346670537098;0,2275662596524829;-0,1208333515019182;385947,420381821;9545199,0595900118
PARAP_Maniema_178;0,00212121212121212;0,07030303030303028;0,31212121212121202;0,5568686868686870;0,7585858585858590;0,991616161616162;1,000000000000000;1,000000000000000;10,75968992248060;13,65469061876250;18,62230919765170;24,7696476964770;27,8082437275986;32;0,418377321603128;12,96969696969700;0,526212121212121;5,06025252525253;6,40111111111111;0,01667896059351890;0,0455786757061693;0,00273618231013854;27,23869346733670;0,0524797315173481;0,620584389204391;13,980526570876300;45,66352561403190;40,355947815091803;-1,9507907094333916;-0,6345008246752850;0,4830727262627262;-0,3171946932537930;1,0065778218725145;-0,8547485354070745;590407,099419086;9479149,2093343716
PARAP_Mashambio_26;0,00303030303030303;0,01777777777777779;0,07353535353535350;0,3600000000000000;0,8586868686868691;0,996666666666667;1,000000000000000;1,000000000000000;15,79393939393940;18,40000000000000;21,42215854823310;23,7667009249743;25,7329749103943;32;0,356966438579342;11,06595959595960;0,649040404040404;1,86000000000000;7,57606060606061;0,00932969797162009;0,0958954934728947;0,00203063093078868;22,19849246231160;0,1075230176200390;0,690291256281189;1,403502363169180;74,60453168146020;23,991965955370599;-1,7221569024207439;-3,3625591464754496;-0,6636314850127096;2,2282602633314355;0,8992028250270160;-0,7170695820760496;670605,635559708;9618941,2062982321
PARAP_SwaKibula_234;0,05323232323232320;0,19292929292929301;0,42707070707070693;0,7167676767676771;0,8869696969696970;0,952828282828283;0,965656565656566;0,984040404040404;7,10397553516819;11,31263383297650;16,20408163265310;20,7985436893204;25,5536480686695;47;0,662052042160738;30,45439393939390;0,911111111111111;3,93757575757576;24,60929292929290;0,02229514633817000;0,0550694155547140;0,00392215954314861;17,15829145728640;0,0604676889145367;0,534917369676759;29,783783683973201;39,97641197830380;30,239804337723001;-4,3151809082031809;3,2352985848808249;0,6937313127869813;-0,2205724093747400;0,8507003267433283;0,6611295213750751;732867,657720811;9246652,3024879657
WWF-DIAF_07_01_Principal;0,03810000000000000;0,09610000000000000;0,16980000000000001;0,3560000000000000;0,6532000000000000;0,924100000000000;1,000000000000000;1,000000000000000;10,35135135135140;17,42857142857140;22,75352112676060;26,3613595706619;29,2225806451613;34;0,385010606060606;12,70535000000000;1,443100000000000;3,77510000000000;6,47655000000000;0,01351159107851970;0,0560554129072404;0,00309598547106474;24,86683417085430;0,0718950839338241;0,503570346358142;28,565286658802599;61,73697736063800;9,697735980559408;-1,0009145341935113;-0,9453933582752887;0,7770958837521263;-0,2685832726091038;1,1112691145739091;2,0461719276898243;744487,171136175;271281,9363591527
WWF-DIAF_08_02_Principal;0,00090000000000000;0,00860000000000000;0,11520000000000000;0,3733000000000000;0,6860000000000001;0,940700000000000;0,991400000000000;1,000000000000000;14,59894459102900;17,71132075471700;22,03709949409780;25,9785932721713;28,9207708779443;40;0,464205128205128;18,10400000000000;0,580650000000000;3,28495000000000;13,28090000000000;0,01134843153608650;0,0609899536759168;0,00309598598122414;24,27386934673370;0,0641374087202673;0,577135289106496;12,304818721917201;21,49961933317320;66,195561944909599;-1,1844890984910466;-0,6153334795191887;0,1605024173140137;0,2287979500671173;-0,0553390097428593;-0,2057284716791449;679587,040835932;254099,0384288078
WWF-DIAF_11_05_Principal;0,00530612244897959;0,03877551020408159;0,13428571428571401;0,2363265306122450;0,4787755102040820;0,858367346938776;0,999183673469388;1,000000000000000;13,51666666666670;20,47857142857140;25,28571428571430;28,5538793103448;31,0000000000000;36;0,347113702623907;12,14897959183670;1,411632653061220;3,17591836734694;6,56591836734694;0,01030968273199610;0,0624898868919969;0,00298502423220456;28,12814070351760;0,0819041995095143;0,686660463415449;8,162141439165961;17,59861044986320;74,239248110970806;0,1442077879225731;-1,7534657656074373;0,0472917332200822;0,0542238854622941;0,9397562899973086;-0,3632819373456903;184669,535664500;197539,8414144656
WWF-DIAF_13_07_Principal;0,01120000000000000;0,03799999999999999;0,07960000000000000;0,1472000000000000;0,3004000000000000;0,558000000000000;0,838400000000000;0,999200000000000;17,39393939393940;23,93069306930690;29,08227848101270;33,1307692307692;37,0724637681160;41;0,330725000000000;13,22900000000000;1,470400000000000;4,36240000000000;6,39440000000000;0,00943032379985467;0,0543223391957201;0,00540271786435323;31,09296482412060;0,0628196889649280;0,670209102228902;0,848968879889335;19,15768204459020;79,993349075520499;2,3049813783747388;-0,6734853664574464;0,1579075252204019;0,4346770607747864;0,8299691485491183;-0,6592944809849565;663147,013141637;9998452,0692744162
WWF-DIAF_14_08_Principal;0,01870000000000000;0,07770000000000001;0,17590000000000000;0,3827000000000000;0,6915000000000000;0,980000000000000;1,000000000000000;1,000000000000000;11,48898678414100;17,04185022026430;22,07413010590020;25,7519280205656;27,8757225433526;32;0,361088709677419;11,19375000000000;1,298400000000000;3,32750000000000;5,56665000000000;0,01462956642046510;0,0570251772388703;0,00226078890051445;25,75628140703520;0,0744023648650211;0,688332733627453;0,768499893803660;18,34436904739420;80,887131058802098;-1,1587782396445647;-1,6443046797792096;0,0349847642302545;0,2674720633568905;0,7639944384559988;-0,4344441677678292;257167,989439132;9901666,9420150183
WWF-DIAF_15_09_Principal;0,00470000000000000;0,03649999999999999;0,28839999999999999;0,6697000000000000;0,8701000000000000;0,954300000000000;0,992900000000000;1,000000000000000;12,03945111492280;14,47107438016530;17,33944954128440;21,6714579055442;26,2760180995475;37;0,518597222222222;18,66950000000000;0,535800000000000;3,19735000000000;13,94260000000000;0,01369320260282310;0,0706803558342277;0,00373300928271644;15,97236180904520;0,0877068202252591;0,520670596553185;24,552530408225699;13,85710172171480;61,590367870059403;-3,1932771066034040;-0,5191892061968263;0,5091567278060352;-0,0069677510471481;0,8365424557181520;-0,3310307698597322;246321,926967825;318583,1498338598
WWF-DIAF_16_10_Principal;0,03810000000000000;0,05759999999999999;0,08890000000000001;0,1824000000000000;0,3474000000000000;0,560400000000000;0,794200000000000;0,936100000000000;15,94871794871800;22,31460674157300;28,86956521739130;34,2021660649820;38,4448398576513;46;0,410044444444444;18,45200000000000;1,717100000000000;5,45400000000000;10,25780000000000;0,00937617044263270;0,0430281589582275;0,00621792995667445;29,90703517587940;0,0512052981578895;0,599906104129332;25,577764487197399;44,52123381902990;29,901001693772699;2,2345747441837958;1,3082157496122799;0,5945182076954039;-0,1530745988801844;1,1416583997609999;2,3180744955241535;540139,023355583;253010,0088700744
WWF-DIAF_17_11_Principal;0,01212121212121210;0,15696969696969701;0,60777777777777797;0,9230303030303031;0,9959595959595960;1,000000000000000;1,000000000000000;1,000000000000000;8,64320388349514;11,37951105937140;14,02020202020200;16,4863258026159;19,3541076487252;27;0,500034965034965;13,00090909090910;0,540959595959596;2,00989898989899;9,43843434343434;0,02133181997684640;0,1018109208068300;0,00184899031885623;14,19346733668340;0,1057678936227230;0,585307959493120;3,517034829682650;19,57278049228720;76,910184678030205;-5,4202392177080192;-1,9492317256877185;0,1809829965520721;0,3737697541701990;-1,2729513353031456;-0,5282635444862155;405986,976036503;123475,7336510406
WWF-DIAF_supp1_Principal;0,15646464646464600;0,37868686868686902;0,53232323232323198;0,6826262626262630;0,8039393939393940;0,939797979797980;0,984949494949495;1,000000000000000;3,63855421686747;6,91951710261570;14,02140672782880;23,0909090909091;28,5078369905956;38;0,616401856401857;22,80686868686870;0,445555555555555;8,43757575757576;12,93297979797980;0,04611676180370710;0,0306557070439944;0,00444898934347847;6,18844221105528;0,0481031884877567;0,705208027749587;27,590781440868895;12,35384863188000;60,055369927251107;-5,0156192192150106;4,3232461591193294;-0,0566834266986621;-0,0615800190634940;1,1510254668908657;-0,4062134493757180;268891,598654474;328464,6693587703
WWF-DIAF_supp2_Principal;0,11313131313131300;0,20606060606060600;0,25363636363636399;0,3073737373737370;0,3847474747474750;0,527171717171717;0,793535353535354;0,979292929292929;4,41176470588236;14,57647058823530;29,10927152317880;34,1883239171375;36,9826923076923;46;0,475699214365881;21,40646464646460;2,043333333333330;7,85404040404041;10,49303030303030;0,01637363902977380;0,0229880168216584;0,00486380944021335;33,76130653266330;0,0607378332284374;0,529590962064373;28,927835698863699;57,70845971997900;13,363704581157300;0,6834598388057732;3,5735481950635561;0,7606312584660899;-0,2930493366476474;1,0669890506747022;1,5212324384454159;375215,850209326;380075,8167370232
MAB01h;0,00076540375047837;0,00765403750478377;0,04592422502870270;0,2238805970149250;0,4033677765021050;0,627248373517030;0,893608878683506;1,000000000000000;17,26203703703700;20,72606382978720;27,27459016393440;32,7227564102564;35,1452173913043;40;0,344186366000373;13,42326827401450;0,722541140451588;5,22770761576732;6,49445082280903;0,00953014701130109;0,0414180535900357;0,00374418517052148;33,46482412060300;0,0624217107998525;0,652856033684420;1,009834593141630;21,29892567022050;77,691239736637797;1,6239467419622620;-0,7403403157331349;-1,9852561782828522;-1,2703184000686574;1,0109298460017477;-0,9244850888359715;673817,362100665;9917858,5903170258
MAB02h;0,00381825124093165;0,01107292859870179;0,02558228331424210;0,0691103474608629;0,2145857197403590;0,435662466590302;0,688812523864070;0,904543718976709;21,68593750000000;25,81359649122810;31,39051094890510;36,2414529914530;39,8454545454545;47;0,351449275362319;16,16666666666670;0,974799541809853;4,89385261550210;9,30011454753723;0,00686285964210681;0,0479461444649118;0,00720994934862707;33,76130653266330;0,0535856074044070;0,634551671275927;5,463580019655940;26,22832063646330;68,308099343880798;3,6946526361357126;0,3057123212909388;-1,5280120120955325;-0,9211949467119512;0,9595773441445810;-0,8964758792400362;676931,453262293;9917870,8212939911
MAB03h;0,00152671755725191;0,01221374045801530;0,02938931297709920;0,0595419847328244;0,1137404580152670;0,360687022900763;0,717175572519084;0,939312977099237;24,40983606557380;28,37209302325580;31,93989071038250;35,5308641975309;38,3720930232558;47;0,339263192831065;15,60610687022900;1,233396946564890;3,02977099236641;10,33645038167940;0,00605897084831122;0,0713994633395117;0,00588672581574451;32,87185929648240;0,0728667511556729;0,700518812557906;5,578050881527500;25,42644511358080;68,995504004891799;3,6473861991736296;-0,8293584160246279;-1,7838384897580881;-1,0332732153539432;1,1067823670731389;-1,1141801012542938;672427,327687154;9913478,1517694052
MAB04h;0,00268404907975460;0,01035276073619629;0,02300613496932520;0,0452453987730061;0,1035276073619630;0,262653374233129;0,533358895705521;0,743098159509203;24,83571428571430;29,71052631578950;34,30952380952380;40,2000000000000;46,5200000000000;58;0,404470724356905;23,05483128834360;1,217216257668710;5,21184815950920;15,62461656441720;0,00939159003675647;0,0491954399979817;0,01155929306753180;32,87185929648240;0,0574078711148584;0,704608763066801;22,851255592475500;17,37821669309000;59,770527714434493;5,3096944921330760;2,3758989542737314;-1,8066612694567077;-0,9866890980548195;1,1770694472818672;-1,2246029198064012;670666,464446613;9911992,5526264478
MAB05h;0,00415094339622642;0,02075471698113209;0,04528301886792450;0,0811320754716981;0,1547169811320750;0,363018867924528;0,576603773584906;0,721132075471698;21,56410256410260;27,86448598130840;32,61467889908260;40,8406593406593;46,6086956521739;54;0,387419010323959;20,53320754716980;1,491320754716980;6,30943396226415;11,75886792452830;0,00733203632009415;0,0369827534074903;0,01273964631227610;29,90703517587940;0,0580299372591871;0,710018821162178;13,646454525334800;21,08444396273380;65,269101511931396;5,0515355172705281;2,4896355228500440;-1,5928319661257404;-0,9833169151618536;1,1079442465117395;-1,0680844654470398;676240,026934466;9920946,2019422334
MAB06h;0,00114678899082569;0,00688073394495413;0,02561162079510700;0,0921253822629969;0,2511467889908260;0,542048929663609;0,773700305810398;0,960244648318043;20,32187500000000;24,97247706422020;29,31250000000000;34,3111111111111;38,3553956834532;57;0,493764334862386;27,65080275229360;0,953937308868502;4,52962538226300;21,18042813455660;0,00785217606947628;0,0555507770064861;0,00639907685061775;28,12814070351760;0,0605321922083167;0,713263417375382;1,619762872957250;18,82123203521780;79,559005091824901;2,1819878413766820;1,9948450753846583;-1,8702136230620523;-1,1092382987002509;0,8969627186005387;-1,0901153334098141;671698,072076284;9915922,8390771486
MAB07h;0,00612323000382702;0,02640642939150400;0,09299655568312280;0,2055109070034440;0,4802908534251820;0,707615767317260;0,876769996172981;0,993494068120934;15,43571428571430;21,15780141843970;25,32389937106920;31,4512987012987;35,5371681415929;42;0,402084325091242;16,48545732874090;1,315920398009950;4,92824339839265;9,22139303482587;0,01085361158066750;0,0514780581953325;0,00554022993467398;24,27386934673370;0,0651023854212258;0,685098189538624;12,517072060648299;16,78090838395600;70,702019555395694;0,9840187196904772;0,0297829510178811;-1,7607382150506981;-0,8536798589594552;1,1465451087512379;-1,2293588765363166;669968,186312022;9919707,8432329651
MAB08h;0,00000000000000000;0,00460122699386503;0,01418711656441720;0,0586656441717791;0,2799079754601230;0,574003067484663;0,896472392638037;0,988113496932515;21,30091743119270;24,38095238095240;29,12669683257920;32,3631284916201;35,1057471264368;44;0,361151733485519;15,52952453987730;0,754601226993865;3,32496165644172;10,43481595092020;0,00644190432224445;0,0634957022289092;0,00461959563639333;30,20351758793970;0,0800752842972813;0,701270426665411;1,064095008383370;17,17082799727920;81,765076994337406;1,9863941130431142;-1,2175608254881862;-2,0335133844368989;-1,1902562923350044;1,1751654442247559;-1,2814009210895878;671570,177858787;9917038,4842176102
MAB09h;0,00000000000000000;0,00038182512409316;0,00420007636502482;0,0179457808323788;0,0423825887743414;0,129438717067583;0,398243604429171;0,660175639557083;28,55000000000000;32,75176056338030;36,62152777777780;41,7657480314961;45,4661971830986;58;0,367553572744385;20,95055364642990;0,933562428407789;4,03226422298587;15,01126384116080;0,00480167626394684;0,0544973272630735;0,01085358794409590;34,65075376884420;0,0676327142184010;0,670076961576783;6,622883618440370;34,94832198940180;58,428794392157897;6,2316540379922678;1,6394051975713588;-1,8315067784222034;-1,0819924235573608;1,0661208477762527;-0,9857323423347367;665417,925389254;9909411,4256233703
MAB10h;0,00038314176245210;0,00306513409961686;0,00727969348659004;0,0275862068965517;0,1195402298850570;0,501915708812261;0,713409961685824;0,845977011494253;24,51428571428570;27,06862745098040;29,97222222222220;36,3955223880597;41,9010989010989;47;0,335124104614359;15,41570881226050;0,750766283524904;4,66417624521073;8,95593869731801;0,00471462068799819;0,0512726413047751;0,00913319638387565;27,83165829145730;0,0882924117938519;0,681107526516997;14,807512643501999;21,91975333185380;63,272734024644201;3,7164472133465032;-0,2159812643943543;-1,8371573574988249;-0,9991457755030340;1,0428757420801469;-1,0606720982907751;677902,322704513;9912767,4294532370
MAB11h;0,00610454025181229;0,01755055322396030;0,02937809996184660;0,0461655856543304;0,0850820297596337;0,136207554368562;0,216711178939336;0,302937809996185;26,27931034482760;36,98295454545450;47,93362831858410;54,3341346153846;58,2682539682540;1;0,260561695303255;15,37314002289200;2,366653948874480;7,66405951926746;4,34395268981305;0,00625124456798827;0,0292195384958756;0,03342521931546020;49,77135678391960;0,0440357453600510;0,766451487135140;3,097435957631070;57,70904863184070;39,193515410528200;10,4742386145176543;3,1154779266694201;-2,0485393139297527;-1,2378026870563625;1,0460245488069664;-0,9808656073806042;677255,793423474;9919120,8797232565
MAB12h;0,01000769822940720;0,05889145496535799;0,33872209391839903;0,5781370284834489;0,7875288683602770;0,956505003849115;0,998845265588914;1,000000000000000;11,21016949152540;13,72950819672130;18,00000000000000;24,0441176470588;28,1382716049383;36;0,489530408006159;17,13356428021560;0,490377213240954;5,32659738260200;10,31485758275600;0,01437305777289330;0,0466389369408608;0,00360465102036071;13,89698492462310;0,0688576750415270;0,649493933900280;47,546031734337298;11,12191390364020;41,332054362022497;-2,6892368520852155;0,2257027825482184;-1,1009630501975980;-1,1831516115712644;0,8402317387159055;-0,5360239542995447;674533,691994584;9914112,4507791977
