plot_name;WD_mean;prop_at_5m;prop_at_10m;prop_at_15m;prop_at_20m;prop_at_25m;prop_at_30m;prop_at_35m;prop_at_40m;h10;h25;h50;h75;h90;h100;Smax;hSmax;auc;logistic_a;logistic_b;logistic_h0;logistic_k;logistic_R2;IDV;ROS;IAS;ICT;IPN;ET;CSI;GVN;RT;HPSI
123;0,711641590236333;0,00190954773869347;0,018894472361809;0,0690452261306533;0,145025125628141;0,371658291457286;0,653668341708543;0,97427135678392;1;17,3353658536585;22,7474012474013;27,3242784380306;31,3939573459716;33,3756177924218;;0,0848241206030159;31,5;0,570700962439315;0,0170122988382082;1,01316429588779;27,2197268946158;0,281839106062962;0,997460100217983;13,1319909317287;3954,56829757678;0,889182457478489;0,144496351956714;0,0214839325843965;16,0402519387632;2,31775788961789;0,002541499639964;0,889182457478489;0,847179072946439
148;0,695009329989596;0,172745098039216;0,209411764705882;0,24578431372549;0,317156862745098;0,459803921568627;0,646862745098039;0,815490196078431;0,962745098039216;2,64668094218415;15,4574468085106;25,9276018099548;32,8315789473684;37,4635294117647;;0,0915686274509808;2,5;0,622123629112662;0,14194933193905;1,02399447414393;27,9483371786334;0,176332135039643;0,992242183210501;24,0958979992242;145,869574441003;0,65939588635139;0,068189828062911;0,0517922479008185;34,8168484695806;2,37415491083312;0,00244420717665286;0,65939588635139;0,0964223385689355
162;0,673188310413096;0,000804020100502513;0,00844221105527638;0,0542713567839196;0,129949748743719;0,25356783919598;0,464321608040201;0,77427135678392;0,970050251256281;18,1162790697674;24,8858520900322;30,6561922365989;34,5672043010753;37,6300715990454;;0,071457286432161;31,5;0,521664253470744;0,0155237735027579;1,01947369111732;30,2722612345624;0,23709689599626;0,997384010924334;15,8973541537941;5281,88939834042;0,677778426424888;0,112259485504077;0,0207637246854292;19,5137925292779;2,19060830957004;0,00189894101700231;0,677778426424888;0,972475128127827
166;0,649684665998923;0,000100502512562814;0,00311557788944724;0,0137688442211055;0,0550753768844221;0,231959798994975;0,559095477386935;0,866030150753769;0,993266331658291;22;25,256062767475;28,8701298701299;32,8514246947083;35,6575875486381;;0,074070351758794;32,5;0,528961757942254;0,000342134896477151;1,00814858466572;29,0569268484725;0,305181877576653;0,999330749656027;11,0578520126752;5660,25206320773;1,10161065400634;0,156573821488394;0,0163861346050897;13,6575875486381;2,13842067480258;0,00207726761261568;1,10161065400634;0,874269005847953
180;0,641690554567454;0,0029;0,0292;0,1028;0,2136;0,3908;0,5736;0,7638;0,9004;14,8313253012048;20,9430051813472;27,9546827794562;34,6674698795181;39,9821428571429;;0,0418000000000001;31,5;0,548306779661017;-0,0204115568639255;1,02369319121144;27,8190501074416;0,159629555449282;0,999337215268413;17,5849285750481;3538,56744043749;0,957372469874004;0,0464599505595551;0,0321842186524815;25,150817555938;1,16850574018127;0,00104546672621706;0,957372469874004;0,873176267156598
184;0,67379060339251;0,00784313725490196;0,0158823529411765;0,032156862745098;0,0711764705882353;0,159607843137255;0,354313725490196;0,647254901960784;0,869901960784314;22,2486486486487;27,6992481203008;32,2233856893543;37,441113490364;40,6356107660456;;0,070686274509804;30,5;0,479893652376205;0,0132262296086882;1,01794761246585;32,6149220530831;0,238819302130436;0,998884734746732;14,5805651938054;2508,99644298789;1,15330882878111;0,123878597885285;0,0177079237106098;18,3869621173969;2,27775108647299;0,00173951549336299;1,15330882878111;0,946517547660312
189;0,671962384457375;0,0579411764705882;0,127058823529412;0,185294117647059;0,234117647058824;0,273725490196078;0,331274509803922;0,462254901960784;0,715294117647059;7,78947368421052;22,6153846153846;35,9649122807018;40,8388625592417;45,258883248731;;0,065980392156863;38,5;0,486802924559654;0,097277222314708;1,07911890894525;36,8664055172084;0,145283038451868;0,985335402796961;29,7750172224024;571,405148384982;0,365102826162364;0,0633311024579058;0,0289680218144264;37,4694095645205;2,37297901616788;0,00145784401692486;0,365102826162364;0,929512195121951
199;0,691354737411217;0,00412060301507538;0,0186934673366834;0,04;0,0826130653266332;0,158793969849246;0,297085427135678;0,562110552763819;0,873869346733668;21,4140127388535;28,1672932330827;34,1825396825397;37,6361464968153;40,5427974947808;;0,076984924623116;36,5;0,469694233881271;0,0279287671090132;1,02358120436924;33,8520050398422;0,250273699465199;0,996477423463172;16,1279064199361;3747,83768420132;0,574142197380356;0,137569650893352;0,0163711326346672;19,1287847559273;2,63154024088699;0,0018988557618163;0,574142197380356;0,932203389830508
41;0,685896440530775;0,00120603015075377;0,0144723618090452;0,085929648241206;0,227939698492462;0,388743718592965;0,547939698492462;0,72391959798995;0,897085427135678;15,6542056074766;20,6753846153846;28,2490272373541;35,9505494505494;40,1043165467626;;0,051457286432161;32,5;0,540311728132186;-0,0360378761056763;1,03390993842783;28,1624765927649;0,148342346979094;0,997868392596891;17,222381762194;4551,86754674774;1,01688481984283;0,0594524208741647;0,0306389472757041;24,450110939286;1,45361828598245;0,00128308598332951;1,01688481984283;0,849517906336088
53;0,715512982152334;0,0021105527638191;0,0626130653266332;0,223115577889447;0,459396984924623;0,724020100502513;0,89748743718593;0,97608040201005;1;11,6813186813187;15,6430288461538;20,6579804560261;25,4616071428571;30,1677852348993;;0,061708542713568;20,5;0,665445873434971;-0,0238078082221944;1,0052415361441;20,4232794916454;0,224668968239855;0,999650080129299;12,6589692213487;2905,25661537045;0,957861024496202;0,0689571403843979;0,0433189762982414;18,4864665535806;1,27477386934674;0,00204551120452094;0,957861024496202;0,99235257016714
Betamba_1;0,431986184452857;0,0228;0,0528;0,126;0,2864;0,628;0,7936;0,9868;1;13,7111111111111;19,2416666666667;22,9574468085106;28,7721518987342;32,2417582417582;;0,0768;21,5;0,626735593220339;0,0100978627162837;1,00785415282602;23,5305924370686;0,242815414593759;0,998319209569596;13,1945765066289;825,807439155059;1,5648679061345;0,0951468074732069;0,0351595584690794;18,5306471306471;1,76313191489362;0,00238200408997955;1,5648679061345;0,936515291936979
Betamba_2;0,424528609492443;0,1136;0,178;0,2884;0,6112;0,7304;0,8232;0,9128;0,9932;4,39285714285714;13,40625;18,5693779904306;26,135593220339;34,3725490196078;;0,0836;18,5;0,689996610169492;-0,0172614580088013;1,00381681769143;18,8239412371505;0,162291380305599;0,993300126196674;16,1961869682244;156,571483899078;1,46543243629281;0,0517817196514914;0,0869425656031925;29,9796918767507;1,5524;0,00243217341699943;1,46543243629281;0,996263849523319
Betamba_3;0,459189546294358;0,0044;0,012;0,0252;0,1308;0,3396;0,4368;0,6712;0,9412;19,1630434782609;22,0606060606061;31,8631578947368;36,0851063829787;38,448275862069;;0,0751999999999999;36,5;0,515623728813559;-0,00679501936660491;1,03570906138861;30,447219347103;0,183500786530945;0,990902437987666;15,9822096232979;3389,69764837626;0,430698920003849;0,124245818043447;0,0189953475939175;19,2852323838081;2,39610947368421;0,00195587443946188;0,430698920003849;0,854476379253386
Betamba_4;0,417842593797534;0,03;0,0776;0,1784;0,6896;0,918;0,9684;1;1;12,5714285714286;16,1601731601732;18,3131313131313;21,1052631578947;24,4444444444444;;0,1352;17,5;0,705552542372881;0,0231197833236826;0,995472736082628;18,5998457620238;0,412971551638143;0,998358514802136;8,8949494949495;523,232323232323;1,29688161422322;0,208534662129315;0,0354026547166793;11,8730158730159;2,47593535353535;0,00553090909090909;1,29688161422322;0,955598455598455
GIL1;0,675900197374317;7e-04;0,0032;0,0143;0,0343;0,1009;0,24;0,6829;0,9905;24,9407894736842;30,1788908765653;33,1635338345865;35,7365532381998;37,6907051282051;;0,1084;32,5;0,472086440677966;0,019199613116049;1,01055462654023;33,0617195542436;0,391998631328716;0,997894014833002;11,2184756893924;5818,16383062921;0,862086165683025;0,281956929369526;0,0115927296540664;12,7499156545209;3,59492706766917;0,00287604064798673;0,862086165683025;0,97999206484158
GIL2;0,679711679369825;0,0038;0,0097;0,0254;0,0863;0,2211;0,5319;0,9708;1;20,5684647302905;25,8233618233618;29,6114494518879;32,1892430278884;33,8255114320096;;0,1009;30,5;0,5376;0,0223130946046081;1,011402051554;29,2797001231856;0,368302412676011;0,99680485350105;11,6054525613998;3364,93743771454;0,680499985424962;0,225374121168936;0,0151191527162423;13,2570467017192;2,98779524969549;0,0029829556369846;0,680499985424962;0,969993007280655
GIL3;0,653733974085753;0,00146398594573492;0,00331836814366582;0,0091743119266055;0,0534842865508491;0,193734140152255;0,422115947686902;0,832520007807925;0,999219207495608;21,940614334471;26,3856132075472;31,0294759825328;33,7397043294615;36,431512605042;;0,094866289283623;32,5;0,510395954436126;0,0089320780211958;1,01285816015223;30,5401460188028;0,314333425240913;0,998012774463388;12,342199038691;4800,36253838186;0,583615080429918;0,203137941479882;0,015050343940137;14,490898270571;2,94365124487818;0,00260396240782201;0,583615080429918;0,952608802730183
JEU-L6B;0,634757315584483;0,000951474785918173;0,00466222645099905;0,0176022835394862;0,088011417697431;0,237297811607992;0,422169362511893;0,750142721217888;0,998667935299714;20,4158415841584;25,4926199261993;31,2674698795181;34,9977511244378;37,1369661266569;;0,078972407231208;31,5;0,510764566433905;0,0104556257571918;1,0197738818861;30,7694769567827;0,261534739767246;0,99619628042516;14,0783513710065;5253,73474714205;0,64595292952606;0,147673522683175;0,0171033034567219;16,7211245424984;2,46926736441483;0,00212651746946344;0,64595292952606;0,992563193588163
JEU2;0,302673266932329;0,0052;0,0307;0,1578;0,7104;0,9894;0,9999;1;1;13,5933333333333;16,3260643821392;18,5269741985927;20,3055555555556;22,0548523206751;;0,1499;19,5;0,710524576271187;0,0146941490667697;1,00195141140431;18,424314232869;0,560543553156314;0,999489777872477;7,10802056980557;1816,37001946987;0,808111874310631;0,328214524664384;0,024651272354128;8,46151898734177;2,77719343236904;0,00679669026210063;0,808111874310631;0,947480587440918
JEU3;0,317109220440544;0,118579766536965;0,299416342412451;0,605447470817121;0,962645914396887;0,986770428015564;0,989494163424125;0,994747081712062;1;4,1906779661017;8,24691358024691;13,8299120234604;16,5730223123732;18,4344703770198;;0,095914396887159;16,5;0,803322231748335;0,0813438066529593;1,00183291918619;13,7277988318456;0,361349776294295;0,995256539905939;10,6859807683434;111,910812028631;0,491332805626562;0,093127422280874;0,0744709340108476;14,2437924109181;1,32648767073267;0,00520299172829641;0,491332805626562;0,806933842239186
JEU4;0,352725128364003;0,034;0,0965;0,2049;0,5527;0,903;0,9492;0,9995;1;10,2713178294574;16,2356687898089;19,4932692307692;21,7140169332079;24,8739495798319;;0,1214;20,5;0,698905084745763;0,0429721090974063;0,996466109440943;19,4289841295345;0,382029433417916;0,997651405892312;11,4438212264702;499,82741617357;0,681712733862479;0,162058656622268;0,038429237828626;14,6026317503746;2,36648288461539;0,00488060810810811;0,681712733862479;0,948354954866078
Lokofa_1;0,543220422992145;0,3886;0,5703;0,6644;0,7634;0,8623;0,9296;0,9781;0,9963;3,20091324200913;3,88584474885845;7,62595419847328;19,1184210526316;27,5472972972973;;0,219;3,5;0,812887288135593;-366,686197829458;1,01835608747967;-70,7773088175755;0,0822164429992957;0,982733938549955;6,73984121564926;19,3748836343325;3,07276217687742;0,0685967971947316;0,418645168464561;24,3463840552882;1,67008396946565;0,00794996320824135;3,07276217687742;0,458958958958959
Lokofa_2;0,631775980432104;0,0455;0,1094;0,2685;0,4287;0,6125;0,8375;0,985;1;9,5607476635514;14,38127090301;22,0288713910761;28,2257383966245;31,2739273927393;;0,0542;30,5;0,659403389830508;-0,00335190529819196;1,01967849723744;21,6684253615318;0,179710616057854;0,995829282270959;15,2944284144066;436,215275070814;0,810302135319233;0,0549880231402194;0,0447444250932934;21,7131797291879;1,19396482939633;0,0017330730265935;0,810302135319233;0,615453353985464
Lokofa_3;0,610528173816418;0,2326;0,5299;0,6987;0,841;0,9517;0,9892;1;1;3,80829596412556;5,20863309352518;9,36518046709129;16,7181208053691;22,6610169491525;;0,1155;4,5;0,823011016949153;-0,924565172846055;1,01029595109704;2,29968341025079;0,137999647054972;0,995457334534338;7,7913155758484;39,4157427066132;1,7690019329599;0,0573751844525851;0,214952123002369;18,852720985027;1,08167834394904;0,00509685863874346;1,7690019329599;0,480503287236454
Lokofa_4;0,622875752530392;0,0627;0,1681;0,3021;0,5357;0,7628;0,8899;0,9282;0,9707;6,53992395437262;13,234693877551;18,9963768115942;24,7142857142857;30,9901960784314;;0,0584;17,5;0,688042372881356;-0,0214461929189747;1,00162164942388;18,8770752519338;0,179796069432576;0,99852524459455;14,987532871336;280,596407852204;0,992402561568768;0,0453732539322324;0,0677551242068178;24,4502721240588;1,1093884057971;0,00188446694084151;0,992402561568768;0,921228304405874
M2P1;0,683213487687209;0,0024;0,03;0,0668;0,164;0,4312;0,8285;0,9829;0,9968;17,2835051546392;22,1398865784499;25,7166666666667;28,7461773700306;31,2821100917431;;0,099;26,5;0,595005084745763;0,0222919202200421;1,00542898533233;25,6439512276509;0,343395555648504;0,999011173750677;11,5080937925884;3475,22522522522;0,846993840450031;0,181871694460913;0,0211668097277795;13,9986049371039;2,54595;0,00316474814869125;0,846993840450031;0,969539857420609
M2P10;0,690164218831327;0;0,0167;0,0806;0,224;0,49;0,8976;0,9803;0,9883;15,979797979798;20,6666666666667;25,1132502831257;27,6346782988004;30,0603015075377;;0,1135;26,5;0,609245762711864;0,0161551595013672;1,00410596027928;24,5900405656677;0,328138469589707;0,997630609802439;11,7632622252939;5022,65005662514;0,567048375373322;0,202432668797628;0,022326072766039;14,0805035277397;2,85035390713477;0,00377574389836175;0,567048375373322;0,9447801578354
M2P11;0,635462569755377;0,0143;0,0931;0,2993;0,4948;0,7545;0,9078;0,9894;1;10,280487804878;13,9776876267748;20,1111111111111;24,9006622516556;29,7243816254417;;0,0601;22,5;0,681720338983051;-0,0303848109842175;1,00907675188088;19,4693341546649;0,203489255288075;0,998979739723423;13,1554733075861;1042,02648244099;0,780893599272288;0,062162331729023;0,0480740941810584;19,4438938205637;1,20867777777778;0,00202190917736567;0,780893599272288;0,88121546961326
M2P12;0,635644356226869;0,1224;0,167;0,2295;0,3116;0,4385;0,6695;0,9259;0,9983;2,99358974358974;16,2105263157895;26,3313953488372;31,6218809980806;34,3774038461538;;0,0609;33,5;0,625710169491525;0,12898269394062;1,02030479702512;27,1865113100392;0,213984150969927;0,992025919980652;24,038453292961;206,682852031689;0,52273037344603;0,0510958282987398;0,0452645258126882;31,3838141025641;1,60358197674418;0,00177151248164464;0,52273037344603;0,727754471185692
M2P13;0,637840779216822;0,00237623762376238;0,0148514851485149;0,13029702970297;0,352376237623762;0,754851485148515;0,988316831683168;1;1;14,2731591448931;17,9583333333333;22,0973154362416;24,9447576099211;27,119926199262;;0,088514851485149;22,5;0,655928847122;0,00607648354317949;1,0073667790022;21,7127140090617;0,340673756500298;0,998173349993709;10,4675455917734;2995,74343498041;0,687957111889584;0,15225158094497;0,0263096347453613;12,8467670543689;1,95594059405942;0,00326383083916938;0,687957111889584;0,981776765375854
M2P14;0,54615367719752;0,0147544166181324;0,0774606872451951;0,210153368278004;0,512813046010483;0,925839642787808;1;1;1;11,194776119403;15,9162946428571;19,8374384236453;22,6345951629863;24,6511140235911;;0,09231217239371;22,5;0,698654860501005;0,0287689740950345;1,00697146186721;19,6112801533417;0,358765717235086;0,997603102499495;10,8286901081483;1004,20269588912;0,713352250189296;0,136087325441137;0,0341944561504165;13,4563379041881;1,83123703561315;0,00374474647698953;0,713352250189296;0,865780978395828
M2P15;0,584264631985949;0,00106775383420695;0,0443603183847797;0,509803921568627;0,990584352552902;1;1;1;1;11,4775510204082;13,2003875968992;14,9386018237082;16,4049556213018;17,8456621004566;;0,187051058046982;15,5;0,767594905053815;0,00578263797841371;1,00135117502263;14,8565428089622;0,71320986890682;0,999814869956353;5,33074509976036;2461,96570129326;0,843597857489348;0,438792797698173;0,0285358443175497;6,36811108004846;2,7942812768672;0,0104815981045722;0,843597857489348;0,962419630503785
M2P16;0,615640475969634;0,0156280333915745;0,0998835177635411;0,25160163075131;0,448747815958066;0,824694234129295;0,98495437779072;1;1;10,0042553191489;14,9477848101266;20,8110599078341;23,9662576687117;26,4870159453303;;0,0808580858085809;21,5;0,689495868829156;0,0244540145131801;1,01004557478005;20,1905982539889;0,275594938893407;0,99611970220384;12,9506366268649;1008,87270796907;0,538128896955766;0,10209105780025;0,0380576136303405;16,4827606261814;1,68274246779517;0,00305274425686433;0,538128896955766;0,966895482728078
M2P2;0,709805193958147;7e-04;0,0039;0,022;0,1274;0,5914;0,9309;0,994;1;19,1132686084142;21,8818791946309;24,2836990595611;26,6026252983294;29;;0,1276;24,5;0,607561016949153;0,00408793374827062;1,00031588296872;24,2624466244408;0,458791133916469;0,99991485323955;8,27884171710292;4260,29808062476;0,965487159394264;0,313409950900164;0,0167657525050087;9,88673139158576;3,0986;0,0044;0,965487159394264;0,991092751565223
M2P9;0,594672817916126;0,0917;0,1164;0,1491;0,2117;0,3811;0,6865;0,9654;1;6,41860465116279;21,6545454545455;27,0838709677419;30,7257142857143;33,0167597765363;;0,0875;30,5;0,603024576271187;0,101772624877087;1,01105624241445;27,5365782399518;0,304692127016034;0,995682556034228;21,8186462351628;280,081395736731;0,670772697109524;0,0890978603029762;0,0362601872444477;26,5981551253735;2,36983870967742;0,00265016920473773;0,670772697109524;0,873868508813721
MIX-L6A;0,640898273712083;0,00171086398631309;0,00617811995057504;0,021290751829674;0,101701359186389;0,338560973291512;0,720653930234769;0,974051896207585;1;19,9311538461539;23,5126841243863;27,303952991453;30,4869873817035;33,0489194499018;;0,093432183252542;28,5;0,563501729390291;0,00503366852843501;1,00705266885892;27,1224660324762;0,336575912466105;0,999434205408142;10,8374755168795;4068,61963632996;0,839569680193416;0,194474273780845;0,0175957916655607;13,1177656037479;2,55106793941623;0,00282708738463217;0,839569680193416;0,956195097137714
MIX-L7A;0,649803859434677;9,5593155530064e-05;9,5593155530064e-05;0,00353694675461237;0,0174935474620017;0,0815409616671446;0,29891979734251;0,647261256094064;0,943791224548322;25,6501683501683;29,0812387791741;32,8370712401055;36,4575657894737;39,0084415584416;;0,077812828601472;31,5;0,465868382806842;0,00138067714370654;1,01002646285295;32,8361796137997;0,315419037628861;0,999475443255825;11,2449139586284;6444,20977849628;0,963965934857035;0,19127812078272;0,0123885789039669;13,3582732082732;2,55514539618066;0,00199476896519679;0,963965934857035;0,959281653642956
MIX2;0,656834708279199;2e-04;0,0017;0,0212;0,0968;0,2895;0,6119;0,8469;0,9984;20,1545893719807;24,2084168336673;28,2287166454892;32,9877450980392;36,4298507462687;;0,0787;28,5;0,538659322033898;-0,00358092323254179;1,00915254962904;28,411337687527;0,266251843075025;0,999319485890351;12,6113539378996;5428,59935490177;1,18374963940647;0,136501648047861;0,020424230501137;16,275261374288;2,2216;0,00216031628974107;1,18374963940647;0,990389809146561
MIX6;0,635333448418916;0,0033;0,0108;0,0444;0,1034;0,2639;0,556;0,8478;0,9623;19,7687074829932;24,620218579235;29,0635451505017;33,1913696060038;36,863829787234;;0,0666;27,5;0,531153389830508;0,0087907699376855;1,00350979717084;29,021731010143;0,258705472277914;0,999635987153261;13,4778416081638;3501,63194584357;0,928994164461184;0,113227157581858;0,020238346910413;17,0951223042409;1,93563210702341;0,0018066489668706;0,928994164461184;0,94620253164557
Model_OR_lidar_87_Principal;0,608632293676364;5e-04;0,0167;0,095;0,2141;0,4107;0,6632;0,8803;0,994;15,2762430939227;21,3062827225131;26,8323699421965;31,6147186147186;35,7035714285714;;0,0584;30,5;0,574110169491526;-0,000689104190648331;1,01563242582464;26,6247837763824;0,21406920654388;0,998765906249008;15,3517871987279;4878,61271676301;0,865413172540558;0,0767114709742203;0,0283722320717303;20,4273283346488;1,56701040462428;0,00163569070721216;0,865413172540558;0,863313227057303
Modele_2406_Principal;0,623091562446593;0,0048;0,0221;0,0673;0,1478;0,3998;0,7874;0,9371;0,9972;17,3375;22,8323586744639;26,2475369458128;29,3506944444444;33,3732394366197;;0,0882999999999999;27,5;0,580628813559322;0,0175931090786095;1,00256078695988;26,2832204127469;0,313059662041709;0,999299458105435;12,6118611924218;2678,32009651151;0,908637046758324;0,144530754036985;0,0232761892389563;16,0357394366197;2,31765751231527;0,00264583245410424;0,908637046758324;0,952282644395439
Modele_4301_Principal;0,640060779405637;6e-04;0,0437;0,1917;0,3568;0,538;0,8199;0,9892;1;12,0789473684211;16,8636363636364;23,7083333333333;29,0729442970822;31,2708803611738;;0,0753999999999999;29,5;0,631071186440678;-0,00776685251243711;1,01924685075271;23,2603078260432;0,203326620851499;0,994438015615623;14,5505575617923;4233,63095238095;0,783761646059606;0,0931437356522851;0,034144178587988;19,1919329927528;1,78760833333333;0,00241118891214899;0,783761646059606;0,755711775043937
Modele_4402_Principal;0,642357901463453;0,0108080808080808;0,0698989898989899;0,161515151515152;0,231111111111111;0,373131313131313;0,674848484848485;0,915454545454545;0,994343434343434;11,7117647058824;21,3121951219512;27,3580858085809;30,9185185185185;34,4269662921348;;0,081818181818182;30,5;0,58758774182503;0,0477402297614908;1,01603675993786;27,132414181192;0,234406395675215;0,993989613527472;18,0510948563563;1730,63929396135;0,588901271042077;0,0985414472499595;0,0303490555498799;22,7152015862525;2,23838883888389;0,00237657251364824;0,588901271042077;0,885155920139936
Modele_4503_Principal;0,572209192986449;0,033568003264973;0,102744617896133;0,258034894398531;0,433221099887767;0,734720946842159;0,952555861646771;1;1;9,84360465116279;14,7683823529412;21,4215291750503;25,2136233951498;27,815945945946;;0,074788286909499;23,5;0,679257910382718;0,0238164296165127;1,01196671668213;20,8539868650158;0,242344865429666;0,996060998404247;13,8408031903107;555,422302468665;0,56997001892367;0,0891413891883358;0,0391655038410988;17,9723412947832;1,60207946998387;0,00268868393168556;0,56997001892367;0,902972807965058
Modele_MA_lidar_205_principal;0,633491078157232;0,0028;0,0149;0,0726;0,1946;0,42;0,7397;0,982;1;16,1428571428571;21,5430622009569;26,5924657534247;30,1760683760684;32,8229755178908;;0,0747;29,5;0,586028813559322;0,0110104571670468;1,01311575005727;26,1538880930785;0,2693034936205;0,997733410433579;13,5138715991601;3409,29048120829;0,709708104216063;0,119091312610473;0,0235874998912247;16,6801183750336;1,98645719178082;0,00227584485627403;0,709708104216063;0,890663232453316
PARAP_Gungu_5;0,537557003550616;0,0246;0,4138;0,9335;0,9935;1;1;1;1;6,50212765957447;8,30506721820062;10,6352247605011;12,5598621877692;14,3106995884774;;0,1357;10,5;0,837959322033898;-0,0124292930591504;1,00067103756337;10,4618255318972;0,541938929015804;0,999641806274387;5,8030648333425;359,298133800713;0,825968799246051;0,184822527491627;0,0690364212518578;7,8085719289029;1,4432;0,00948241552839684;0,825968799246051;0,987285199556541
PARAP_Idiofa_6;0,639826968766586;0,0767268646056525;0,362922150800939;0,594939291908989;0,783389450056117;0,925415773900622;0,996632996632997;1;1;5,56044226044226;7,99751773049646;12,9004282655246;18,8829365079365;24,026953125;;0,071931435567799;7,5;0,783072118203089;-0,170387245669968;1,00789362275511;11,5155863714003;0,183899197772562;0,998113106149837;9,9149441663864;157,848075143609;1,22019526966089;0,0502502249279575;0,110962591134766;18,4665108645577;0,927946324578598;0,00299378099227049;1,22019526966089;0,581376047804797
PARAP_Luhudi_5;0,51063808437062;0,0118355269870421;0,123150698908275;0,574227119681665;0,924599530660137;0,976635037241098;0,987246199367411;0,999795939189879;1;9,29534161490683;11,9139397905759;14,3410326086957;16,6629050925926;19,2272435897436;;0,117334965819815;15,5;0,771758848543646;-0,00141624357069969;0,996428568630318;14,2771900124397;0,450206281194242;0,999761494347491;7,40791208176513;851,831523880043;0,95664758535921;0,16942420245643;0,0482915981336279;9,93190197483676;1,68270457096216;0,00610253702108425;0,95664758535921;0,919185220274752
PARAP_Lukolela_53;0,798892924272538;0,00414141414141414;0,0257575757575758;0,0877777777777778;0,285151515151515;0,596969696969697;0,836060606060606;0,92969696969697;0,98989898989899;15,5627906976744;19,3409090909091;23,5587786259542;27,8709677419355;32,4512820512821;;0,0677777777777781;24,5;0,615105290190036;-0,00643070026053882;0,999623349198504;23,5361773366;0,255631582266256;0,999777261377509;12,2606012451907;2577,14815908228;1,02236190099113;0,0945473239138498;0,0304288341626471;16,8884913536076;1,59676166242579;0,00208860092709651;1,02236190099113;0,960047955414426
PARAP_Mampulu_28;0,582667015416669;0,0075;0,0418;0,1543;0,391;0,8906;1;1;1;12,9767441860465;17,396;21,2840236686391;23,5573770491803;25,1437308868502;;0,122;23,5;0,676901694915254;0,0271803064066534;1,00718343880849;20,9010882421107;0,401215675664297;0,99681674856224;10,2992843059482;1702,72189349112;0,584706672152803;0,21341774684462;0,0268581173436126;12,1669867008036;2,59665088757396;0,00485210411092192;0,584706672152803;0,895885460105644
PARAP_Mangai_16;0,597694054128631;0,0029;0,0177;0,0872;0,2039;0,3488;0,5138;0,7427;0,9154;15,5953488372093;21,7483660130719;29,5353535353535;35,1465863453815;39,0552147239264;;0,0498;35,5;0,535941525423729;-0,00958974040719869;1,02877551430998;28,9921743084886;0,167641356338376;0,997899952426829;17,7414319125912;3738,65234624728;0,720590959465653;0,0626968889405886;0,0268931192531493;23,4598658867171;1,4708606060606;0,0012751178133836;0,720590959465653;0,798050615595075
PARAP_Maniema_178;0,630463454652273;0,00212121212121212;0,0703030303030303;0,312121212121212;0,556868686868687;0,758585858585859;0,991616161616162;1;1;10,7596899224806;13,6546906187625;18,6223091976517;24,769647696477;27,8082437275986;;0,056363636363637;27,5;0,694401643554186;-0,0446027872480268;1,0102389435171;18,5656133884129;0,220169030143172;0,996689489576809;11,4168821102721;2615,04767456385;1,23748198481855;0,0615665748465161;0,0491609739264624;17,0485538051179;1,04962106386765;0,00202686789269249;1,23748198481855;0,523276586801177
PARAP_Mashambio_26;0,686185396307721;0,00303030303030303;0,0177777777777778;0,0735353535353535;0,36;0,858686868686869;0,996666666666667;1;1;15,7939393939394;18,4;21,4221585482331;23,7667009249743;25,7329749103943;;0,113535353535354;22,5;0,662134908406095;0,00883576100727227;1,00372870887262;21,2635712938938;0,441679499124938;0,999502830148981;8,27403731560058;2667,6650267611;0,775784042869633;0,244709090760103;0,0216579718055115;9,93903551645487;2,43217234426405;0,00441205705639164;0,775784042869633;0,949685674796023
PARAP_SwaKibula_234;0,536598499317287;0,0532323232323232;0,192929292929293;0,427070707070707;0,716767676767677;0,886969696969697;0,952828282828283;0,965656565656566;0,984040404040404;7,10397553516819;11,3126338329765;16,2040816326531;20,7985436893204;25,5536480686695;;0,064444444444445;17,5;0,736515151515151;-0,0238354419799677;0,99511009665212;15,8256653672485;0,227671145495805;0,999599185726555;11,6993080215078;278,266102624918;0,939284695416987;0,0566006272822764;0,0702651240616601;18,4496725335013;1,04426303854876;0,00252192736908896;0,939284695416987;0,920025188916877
WWF-DIAF_07_01_Principal;0,549473097443754;0,0381;0,0961;0,1698;0,356;0,6532;0,9241;1;1;10,3513513513514;17,4285714285714;22,7535211267606;26,3613595706619;29,2225806451613;;0,0766;25,5;0,656022881355932;0,0452362959608574;1,00990452424544;22,6642279363762;0,27510769159865;0,997467014181089;14,6936685585209;527,92392405477;0,677534746502536;0,0923585682296576;0,0364504558737248;18,8712292938099;1,74291971830986;0,00262126062479302;0,677534746502536;0,879294336118849
WWF-DIAF_08_02_Principal;0,565400758294462;9e-04;0,0086;0,1152;0,3733;0,686;0,9407;0,9914;1;14,598944591029;17,711320754717;22,0370994940978;25,9785932721713;28,9207708779443;;0,0662999999999999;23,5;0,645830508474576;-0,0109492994162064;1,00564432571557;21,872236282801;0,286006995929436;0,999133953136122;10,9129702024171;3735,10160916912;0,911163981225175;0,102016297865136;0,0294910025623749;14,3218262869153;1,46105969645868;0,00229247001332741;0,911163981225175;0,933616467707377
WWF-DIAF_11_05_Principal;0,671191372015157;0,00530612244897959;0,0387755102040816;0,134285714285714;0,236326530612245;0,478775510204082;0,858367346938776;0,999183673469388;1;13,5166666666667;20,4785714285714;25,2857142857143;28,5538793103448;31;;0,094693877551021;28,5;0,612694569353165;0,0315593786345013;1,01229231309308;25,059206779844;0,290938973020283;0,99562540333722;14,260599078341;2453,46534653465;0,679856022954347;0,136953422251374;0,0273447391660549;17,4833333333333;2,39440233236153;0,00305464121132326;0,679856022954347;0,872881355932203
WWF-DIAF_13_07_Principal;0,678001575103467;0,0112;0,038;0,0796;0,1472;0,3004;0,558;0,8384;0,9992;17,3939393939394;23,9306930693069;29,0822784810127;33,1307692307692;37,072463768116;;0,0636000000000001;31,5;0,546254237288136;0,0253204038953831;1,01474731481634;28,9543418389271;0,242721044412561;0,998491982177269;15,43723474989;1795,20237537115;0,785872780165376;0,0939924598116522;0,0232667472202455;19,6785243741766;1,84963291139241;0,00171555903049258;0,785872780165376;0,916866158868335
WWF-DIAF_14_08_Principal;0,640454370495342;0,0187;0,0777;0,1759;0,3827;0,6915;0,98;1;1;11,488986784141;17,0418502202643;22,0741301059002;25,7519280205656;27,8757225433526;;0,0778;25,5;0,664300847457627;0,0306440682924282;1,01060215430532;21,8630478576718;0,286999537356743;0,99667420622967;12,9762712552935;931,397894763719;0,730841288292276;0,104802283229205;0,0336298751257913;16,3867357592116;1,71736732223903;0,0027909590461379;0,730841288292276;0,844801590021246
WWF-DIAF_15_09_Principal;0,564973771653605;0,0047;0,0365;0,2884;0,6697;0,8701;0,9543;0,9929;1;12,0394511149228;14,4710743801653;17,3394495412844;21,6714579055442;26,2760180995475;;0,0966;15,5;0,706262711864407;-0,0295243395399475;0,995564374835024;17,6139235455833;0,297417852776267;0,998404466154222;9,39465918830625;1787,57211765819;1,51026561064264;0,117654124586148;0,0473516005555069;14,2365669846247;1,67499082568807;0,00367635612192182;1,51026561064264;0,893915343915344
WWF-DIAF_16_10_Principal;0,590432552333974;0,0381;0,0576;0,0889;0,1824;0,3474;0,5604;0,7942;0,9361;15,948717948718;22,314606741573;28,8695652173913;34,202166064982;38,4448398576513;;0,0554;34,5;0,550033898305085;0,0282802003549345;1,0188804167302;28,9403026150426;0,199553606745545;0,998762231440331;16,8931191024088;669,827499243418;0,813521682442842;0,0710955390230332;0,0269915093124585;22,4961219089333;1,59937391304348;0,00144102564102564;0,813521682442842;0,804969879518072
WWF-DIAF_17_11_Principal;0,603926940023263;0,0121212121212121;0,156969696969697;0,607777777777778;0,923030303030303;0,995959595959596;1;1;1;8,64320388349514;11,3795110593714;14,020202020202;16,4863258026159;19,3541076487252;;0,11;14,5;0,779676425269646;-0,00700687588868184;1,00059942197089;13,9246383382595;0,421164453872855;0,999928474105832;7,75902652465402;818,879056047199;0,933893370710129;0,143986189776871;0,054490096153018;10,7109037652301;1,54222222222222;0,00568354800936768;0,933893370710129;0,965778097982709
WWF-DIAF_supp1_Principal;0,647391569284078;0,156464646464646;0,378686868686869;0,532323232323232;0,682626262626263;0,803939393939394;0,93979797979798;0,984949494949495;1;3,63855421686747;6,9195171026157;14,0214067278288;23,0909090909091;28,5078369905956;;0,0667676767676768;2,5;0,759438452319808;-0,385802913407017;1,02374583835646;9,20801914932852;0,114281041559901;0,99548977886018;12,2318059035787;86,8388655649078;1,27705481804193;0,0376438983282934;0,126496959180675;24,8692827737281;0,936176752231799;0,00234208147007795;1,27705481804193;0,178298800436205
WWF-DIAF_supp2_Principal;0,54118987036099;0,113131313131313;0,206060606060606;0,253636363636364;0,307373737373737;0,384747474747475;0,527171717171717;0,793535353535354;0,979292929292929;4,41176470588236;14,5764705882353;29,1092715231788;34,1883239171375;36,9826923076923;;0,067070707070707;33,5;0,600109570279062;0,158431024081505;1,02966032746326;30,1685050536325;0,195152980060438;0,985169084102339;25,6367483317508;246,414525933707;0,34948888495034;0,0599423954773798;0,0384385903949925;32,57092760181;1,9523794233728;0,00181357015635004;0,34948888495034;0,849163917643044
RAB01h;0,661041717;0,00816485225505443;0,0538491446345257;0,236294712286159;0,539171850699845;0,734253499222395;0,869362363919129;0,930890357698289;0,982892690513219;11,7987055016181;15,2281553398058;19,4073529411765;25,5078369905956;32,5960784313726;;0,0660964230171079;19,5;0,665250118617708;-0,0536271145506713;0,994442664822922;19,4013302393969;0,20382074602962;0,998110611397633;12,3825311546846;1474,17931969007;1,45972615590571;0,0616787809679124;0,0552173895949143;20,7973729297544;1,28275660964231;0,00202774156272408;1,45972615590571;0,995226187769948
RAB02h;0,677997226;0,00554420776189087;0,029569108063418;0,151833479233538;0,322633985020912;0,535940083649451;0,710533994747593;0,838050773271083;0,946600525240735;13,5568807339449;17,7221448467967;24,2188160676533;31,3578244274809;38,2441048034935;;0,048925201828616;23,5;0,596386455844993;-0,0501373537204079;1,01568552597686;24,0699947232353;0,159764909163645;0,998426261776661;15,6336601950406;2296,88342780816;1,09887173248184;0,0479969096898846;0,042088790050253;24,6872240695485;1,18491046416006;0,00127928741122336;1,09887173248184;0,970319933656322
RAB03h;0,644401004;0,00894767554950399;0,035790702198016;0,117486870258705;0,219801595020424;0,350709978603385;0,606399533164754;0,852655125461972;0,985022369188874;14,0120879120879;21,277358490566;28,0614035087719;32,6181262729124;36,6299363057325;;0,058646177786423;30,5;0,566544627932968;0,0205475876114821;1,02122866715953;27,8166183139959;0,205469888492878;0,996696084984094;17,3270454247272;2011,90538231081;0,671682270962516;0,0727608581713908;0,0287231794286102;22,6178483936446;1,64569405911199;0,00160104503859716;0,671682270962516;0,913097843075961
RAB04h;0,645410994;0,00875912408759124;0,0277372262773723;0,0679318734793187;0,133722627737226;0,291289537712895;0,552992700729927;0,855377128953771;0,993868613138686;17,8035714285714;23,8647959183673;29,1203554119548;33,3129420084866;36,0058004640371;;0,068807785888077;33,5;0,544680605385789;0,0254936652622798;1,01519004391347;29,0677993091342;0,257827214550732;0,998012270813494;14,721388553269;2116,43962410494;0,797743152112993;0,110080319078856;0,0214650167790978;18,2022290354657;2,00370718017049;0,00191101947467611;0,797743152112993;0,849601952789104
RAB05h;0,623710968;0,00680404354587869;0,0160381026438569;0,0689152410575428;0,179918351477449;0,388510886469673;0,602741057542768;0,795392690513219;0,92748833592535;16,9202247191011;22,0437636761488;27,3428571428572;33,8489361702128;38,7957264957265;;0,050252721617419;25,5;0,548276583546406;-0,0146411231246851;1,01403476533023;27,6914493328955;0,186807084656788;0,999371858569304;15,4176445200085;2316,39751552795;1,22777208370265;0,0628124100766032;0,0292597247759905;21,8755017766254;1,37405298822486;0,00129531590606905;1,22777208370265;0,932601880877743
RAB06h;0,642725861;0,00146042254892416;0,00876253529354493;0,0306688735274073;0,138253334631487;0,337454970304742;0,550092493428099;0,738973809755623;0,921721351377665;18,8807971014493;22,8993055555556;28,7397408207343;35,2550675675676;38,874609375;;0,049362282153637;27,5;0,526538435516156;-0,0173840882253622;1,01784743934396;28,9905300879995;0,189871919004653;0,998551765425007;14,7812927769198;4448,58530585129;1,11555499736094;0,0709549122501362;0,0242063838361909;19,9938122735507;1,41865919541549;0,00126978207491344;1,11555499736094;0,956863187164168
RAB07h;0,712854621;0,00437828371278459;0,0209184666277486;0,0990465071025491;0,242848803269119;0,362132710644094;0,486962444055264;0,694103911266783;0,882856586884608;15,033676975945;20,2333333333333;30,3988095238095;35,9464579901153;41,1546012269938;;0,0590581825257841;35,5;0,530616653639005;-0,0262006458385701;1,04417157217422;29,2794331887073;0,140114574538792;0,995846481155686;19,2941974219074;3241,40433951358;0,5457342442554;0,0687302801451063;0,0282667180823275;26,1209242510488;1,79529844142369;0,00143503231145506;0,5457342442554;0,832191110240846
RAB08h;0,662886848;0,00807314463573582;0,0522322731251824;0,215056901079662;0,465129851181792;0,670557338780274;0,811886003307071;0,910028207372824;0,944168855169731;11,9525735294118;15,7742456896552;20,7563291139241;27,0924124513619;34,4005813953488;;0,054858476801867;17,5;0,638815389256799;-0,059591238744217;0,987717982680697;20,4769782040442;0,180590508009821;0,998476697157916;13,544487340564;1587,7074485343;1,27177383392926;0,0507243496166063;0,0521046771527499;22,4480078659371;1,13866059918812;0,00159469621084033;1,27177383392926;0,843116328708645
RAB09h;0,632924835;0,0158622031919035;0,0888478007006617;0,196185286103542;0,356656286492799;0,55507979758661;0,745718178279486;0,934118333982094;0,986570650058388;10,5431279620853;16,7155172413793;23,504347826087;30,0907216494845;33,753995157385;;0,047197353055664;30,5;0,625473375513786;-0,0090221984930093;1,01945120116601;23,5130456853342;0,174627360676572;0,997824977827914;16,1627177274769;1126,64744034364;0,970177962348023;0,0477941213207062;0,0420140894762029;23,2108671952997;1,10934300269095;0,00139827456973898;0,970177962348023;0,702367739548649
RAB10h;0,654281737;0,0391240875912409;0,0828223844282239;0,145596107055961;0,258296836982968;0,421605839416058;0,617615571776156;0,82014598540146;0,952603406326034;11,484962406015;19,7019230769231;27,2822164948454;33,1523631840796;37,3091715976331;;0,048175182481752;29,5;0,578432100292796;0,0260994515694668;1,02203126670263;27,2650563465452;0,173481216005366;0,998265125213546;18,8838732087688;618,306643472922;0,774395708133846;0,0508951018942503;0,0346950669052315;25,8242091916181;1,31432575814584;0,00129124235191564;0,774395708133846;0,918709555524066
RAB11h;0,647456918;0,00330610657331778;0,0185725398677557;0,0825554259043174;0,235803189420459;0,425709840528977;0,64196810579541;0,804453520031116;0,910540645663166;15,6619926199262;20,5104895104895;26,4717741935484;33,2680115273775;39,4934579439252;;0,051536367172307;25,5;0,559307200917667;-0,0295789260486603;1,01097669001282;26,5507143252611;0,170805955024159;0,999425929223656;15,9738144391917;3187,0255889306;1,14006253604078;0,0572461263289278;0,034008278415383;23,831465323999;1,36425907454111;0,00130493428165953;1,14006253604078;0,963290175171363
RAB12h;0,622537955;0,0161415791520809;0,058732010890704;0,142357059509918;0,267697394010113;0,398969272656554;0,596266044340724;0,825845974329055;0,941559704395177;13,1363184079602;19,1875;27,2974683544304;33,5150442477876;37,7811594202899;;0,054939712174251;33,5;0,571572427796346;0,00155087129882915;1,0288322481746;27,2257684890969;0,163417696172044;0,997378062169566;17,8062764075141;1291,17452192513;0,766658465437866;0,0608531032408702;0,0330735854377458;24,6448410123297;1,49971505447813;0,00145415633128364;0,766658465437866;0,772779967539995
RAB13h;0,61067074;0,0138266796494645;0,0731256085686465;0,191723466407011;0,367672833495618;0,570107108081792;0,756377799415774;0,944693281402142;1;11,5055555555556;16,7954545454545;23,4241803278689;29,8757115749526;33,7574123989218;;0,0513145082765329;29,5;0,626668922152724;-0,0143120759622715;1,02003140646793;23,3531175183753;0,178318044382492;0,997396550761169;15,4405053672177;1244,20135488602;0,97326868825971;0,0540179771857452;0,0405543506336396;22,2518568433663;1,20200029530543;0,00152009602128663;0,97326868825971;0,740617618756014
RAB14h;0,661744;0,0139968895800933;0,0548211508553655;0,159992223950233;0,32396967340591;0,544323483670295;0,785964230171073;0,953343701399689;0,982989891135303;12,2183266932271;18,067055393586;24,1871657754011;29,0314136125655;33,2;;0,054626749611198;26,5;0,620701755542083;0,00170594464020065;1,01188677870674;23,8151212116297;0,205413451942519;0,998956137521765;15,2857593528983;1273,21715870511;0,791529488023338;0,0629723964003798;0,0358649440929323;20,9816733067729;1,32126624861737;0,00164538402443367;0,791529488023338;0,904377625469821
RAB15h;0,64358294;0,010507880910683;0,0460206265810469;0,13125121618992;0,262405137186223;0,431406888499708;0,56032302004281;0,727962638645651;0,867581241486671;13,5065326633166;19,5603448275862;27,4916666666667;35,6309192200557;41,7197916666667;;0,041545047674645;22,5;0,5490433738675;-0,0444626853278806;1,03730354152082;27,5051290353321;0,130109755501527;0,998825902829934;18,5914042499916;1772,7545642763;1,02621640106496;0,0404824767740053;0,0373294092212757;28,2132590033501;1,14214260232212;0,000995811484548681;1,02621640106496;0,81842982722037
RAB16h;0,654285547;0,00398949109662353;0,0370730758003308;0,186824948915053;0,463462099834582;0,66896954364114;0,853069962051182;0,975090006811326;0,999805390678213;12,9280141843972;16,2728519195612;20,7406311637081;27,3038641686183;31,891052631579;;0,061593850345431;17,5;0,650466814987557;-0,0398463731890004;1,00745996197098;21,0272511711659;0,206192452346807;0,998296202330834;12,3327815710529;2307,20859955001;1,46901461470115;0,0673676497321596;0,0440822739127865;18,9630384471818;1,27749533196722;0,00193138342145659;1,46901461470115;0,843754457705292
RAB17h;0,662039721;0,00885730971384076;0,030659918240218;0,0920770877944326;0,219875413665564;0,420770877944326;0,645707611446369;0,856628382324314;0,985692038154565;15,467816091954;20,8387533875339;26,7928730512249;32,3414351851852;36,2545977011494;;0,051586529102588;29,5;0,572764721214981;0,00158975422489763;1,01751164278534;26,8195484644764;0,202348502884297;0,99875519669801;15,361847492823;1933,48302120029;0,93188623127547;0,0664918384858358;0,0289566742550344;20,7867816091954;1,38215132539896;0,00142289619451363;0,93188623127547;0,898960931005819
RAB18h;0,652341983;0,00320762052877138;0,0273133748055988;0,119556765163297;0,374708398133748;0,624611197511664;0,769926127527216;0,824552877138414;0,906395800933126;14,3270903010033;18,0101694915254;22,4492099322799;28,15;39,6261363636364;;0,067943234836703;19,5;0,604577984553338;-0,0602850925088326;0,984264716206767;22,3010992131163;0,177948798933946;0,993736250716119;14,33255038883;2735,16664830999;1,28423927283509;0,0602897017757592;0,0501998042096859;25,299046062633;1,52527194232734;0,00171460659735306;1,28423927283509;0,868627450980392
RAB19h;0,616570171;0,0157725635283809;0,0783760101255963;0,199785804692824;0,371336773439782;0,575893291792425;0,760393340473177;0,890663031837212;0,939927952487586;11,2539906103286;16,7589605734767;23,0921717171717;29,683234421365;35,5183783783784;;0,046636160062311;19,5;0,61855000668329;-0,0330339060175515;1,00618741981337;22,8506374260836;0,163453815155285;0,999844220567629;15,7754220359603;1111,66691995534;1,04071418979216;0,0443831604853614;0,0455029738730909;24,2643877680497;1,07693021638839;0,00131301490077882;1,04071418979216;0,844442014325551
RAB20h;0,650165805;0,00603347606072402;0,0294861813935383;0,113468275593616;0,261288439081355;0,428376800311405;0,580089528999611;0,74591280653951;0,928182172051382;14,4796992481203;19,6363636363636;27,4020979020979;35,1099476439791;39,062783171521;;0,042623588945115;30,5;0,558050352640017;-0,031352358142162;1,03315980044423;27,2577335840266;0,14914199322009;0,997459819099159;17,2447536430438;2483,54170084634;0,992546162169297;0,0475113602854774;0,0327392507728157;24,5830839234007;1,16797575721282;0,001091155966997;0,992546162169297;0,886946535664157
RAB21h;0,661080554;0,00719634347952932;0,0264514246815132;0,1040552367986;0,286006029368861;0,444325585918506;0,644850724496742;0,835942818243703;0,910726441699893;14,8033018867924;19,1449191685912;26,4706632653061;32,5901360544218;39,0408695652174;;0,04356705241661;28,5;0,569669868154944;-0,0324362101128089;1,01127711136703;25,8768309799462;0,162507287718622;0,999151781721263;16,4336629673141;2170,3769912462;0,835338050077372;0,0475810439926522;0,0345907029644119;24,237567678425;1,15324877398202;0,00111593447845294;0,835338050077372;0,923336385100949
RAB22h;0,607976629;0,0137186223000584;0,0363884024129208;0,078225335668418;0,188460790036972;0,342770967114225;0,603424790815334;0,872835181942012;0,996886553804242;16,2647342995169;22,0760517799353;28,0985663082437;32,3654867256637;35,572131147541;;0,063922942206655;31,5;0,562909588029063;0,0221290006631408;1,01672732167694;27,9349753460774;0,232461085986105;0,997888575361497;15,2509887114616;1501,102263715;0,708494831745709;0,0930287518483127;0,024454309300135;19,3073968480241;1,79614303021173;0,00179699501110925;0,708494831745709;0,878946361375088
RAB23h;0,687232915;0,00564421954067731;0,052549630206306;0,153367068898404;0,277053328143246;0,42224601012067;0,55799922148696;0,671564811210588;0,830089528999611;12,7659793814433;18,8177966101695;27,9967532467532;37,4923076923077;42,3847058823529;;0,035422343324251;21,5;0,54187064148155;-0,078351315357949;1,06372494032229;27,7452650315572;0,108519306828557;0,997685443884471;19,5643253873396;2630,23072192024;1,03449169894854;0,0334825538647104;0,0377877507687671;29,6187265009096;0,991710605470832;0,000835734083482203;1,03449169894854;0,767946190420967
RAB24h;0,683217449;0,00145871827287756;0,0146844306136342;0,0423028299134494;0,0841194204026063;0,159389283283089;0,283672080132257;0,478751337158417;0,685694836137314;21,5464912280702;28,7412891986063;35,5034562211982;41,610625;45,5709030100335;;0,053875328211611;36,5;0,434184609450846;0,00880682016323938;1,04347979018361;35,8350070853764;0,173816933645312;0,998838511477794;18,7169793794337;5496,98171079697;0,903137819340794;0,0796173647839173;0,0190594997112928;24,0244117819633;1,91276035656361;0,00118223086779187;0,903137819340794;0,971931077002953
RAB25h;0,629980683;0,0105017502917153;0,0565927654609102;0,139828860365616;0,27781019058732;0,464994165694282;0,639634383508363;0,800855698171918;0,920264488525865;12,8178571428571;19,1513353115727;25,9160305343511;33,1752265861027;38,9516949152542;;0,041812524309607;26,5;0,574430248732604;-0,0280219966701558;1,01672738253351;25,8673739376767;0,151773395264811;0,999748537592297;17,3878271321124;1671,81318539247;1,07310023773252;0,041464046198014;0,038910447444987;26,1338377723971;1,08361465672607;0,0010734455689432;1,07310023773252;0,977466863033873
MNG03h;0,490477779;0,00175918686473808;0,00332290852228303;0,00508209538702111;0,00840500390930414;0,0129984362783425;0,0196442533229085;0,0369429241594996;0,105453479280688;39,7615384615385;43,0178571428571;45,995777027027;47,9504467912267;49,5839673913044;;0,135164190774042;46,5;0,256131478512079;0,0133573268062041;1,02139373677782;45,8097697515703;0,456738116637191;0,998238310622754;9,11161963607943;6804,92756709862;0,656387626339551;0,632937334068302;0,00464283206520143;9,82242892976588;6,21698198088138;0,00272596562730368;0,656387626339551;0,989037624635047
MNG04h;0,609866798;0,00254727148035662;0,00832761830116587;0,0223376114431273;0,0740668168903694;0,134613500538846;0,276280983638679;0,529146664054081;0,828451062995983;23,0814102564103;29,1821646341463;34,4940476190476;38,5495454545455;41,8155313351499;;0,06485745076908;35,5;0,452989224742741;0,0162228065980019;1,02150015353511;34,3906459918271;0,239084727194318;0,998413096202023;15,4539627731059;4570,3997409959;0,763476501087347;0,119418252176109;0,0157450848579366;18,7341210787396;2,23719599527868;0,00155103734660813;0,763476501087347;0,97083692838654
MON02h;0,624997419;0,200078423683953;0,238996176845407;0,319772571316538;0,451916478776591;0,650524458386433;0,743162435055387;0,820507793353593;0,875110283305558;1,73732590529248;10,876953125;21,2213302752294;30,4619205298013;42,0320261437908;;0,105577884521126;1,5;0,659023957438537;0,0338949678356124;1,02012901545203;21,9508359673955;0,111253242457402;0,993709168317091;20,3441808676372;103,479097869085;0,89329595396346;0,055602924055065;0,0894752087528147;40,2947002384984;2,24050315718283;0,00251184380595752;0,89329595396346;0,0706835990272899
MON03h;0,462820502;0,535122954834917;0,666111492113256;0,786127167630058;0,894386205545214;0,965317919075144;0,991280493778779;1;1;1,31488651535381;2,31546875;4,41612377850163;13,6086497890295;20,3331395348837;;0,156755168021946;2,5;0,877280962051633;-370,371148984143;1,00888755891792;-54,0181324502061;0,110235346182506;0,982869533909366;4,13054556779181;8,17614533685458;4,37602837486592;0,036399254137268;0,975187544619624;19,0182530195299;0,692250224904734;0,00770934403676399;4,37602837486592;0,566107320671216
MON05h;0,499489086;0,231936557665949;0,4545721558645;0,701194439005287;0,885353436459761;0,947033483454083;0,974936361856276;0,989817897004112;0,99549637752105;1,2944365192582;5,43309859154929;11,1303370786517;15,9180478821363;20,5666666666667;;0,0686312903857447;1,5;0,824153786925888;0,00431291014319015;0,998661269791983;10,8143162619209;0,211939277227694;0,998814276683747;10,4298096174072;46,9760225618879;0,840356396230068;0,0396367929551155;0,155566234371335;19,2722301474085;0,763889396136165;0,00333701573998759;0,840356396230068;0,134766807995155
MON09h;0,465363709;0,560337221840996;0,717086560141163;0,886481717478679;0,982060582295853;0,990589157925694;0,999607881580237;1;1;1;1,51377575467178;3,84374999999999;11,4510676156584;15,3355231143552;;0,204587785511224;1,5;0,908017492469166;-8,01668092880185;1,00778568649234;-15,8228665847315;0,139431246809542;0,98217881573696;3,59310644703231;6,7990393193694;3,2649792721579;0,0548556403757112;0,970293850822909;14,3355231143552;0,786384300558766;0,0133407764434011;3,2649792721579;0,390243902439025
MON10h;0,518200907;0,280019636720668;0,374570446735395;0,462542955326461;0,57486499754541;0,780068728522337;0,896416298478154;0,975355915562101;0,998036327933235;1,13990825688074;3,93878865979382;17,053738317757;24,0747734138973;30,1972972972973;;0,0642120765832102;1,5;0,751498964079779;0,157838153829456;1,01741925905481;18,927872598616;0,152272245480231;0,990606847937917;16,409982125681;59,8335557296021;0,535345943312652;0,0376859720385304;0,099911941610344;29,0573890404166;1,09505595088984;0,00212641800195004;0,535345943312652;0,0879572544184134
MON11h;0,480760245;0,195970515970516;0,528255528255528;0,813366093366093;0,965307125307125;0,998820638820639;1;1;1;2,54;5,81444444444445;9,58692528735632;13,6844795539033;17,2140522875817;;0,070171990171991;6,5;0,84950485153875;-0,0366415162402913;1,00279593010692;9,36779966714871;0,278072861690022;0,99950833115343;8,17233737841568;47,7031431255459;1,08616966849439;0,0458451158452869;0,159658254357699;14,6740522875817;0,67273362704398;0,00407643644852952;1,08616966849439;0,678006744098913
MON13h;0,598951038;0,235767569689831;0,277483313702395;0,376423243031017;0,497742442088732;0,639477817039655;0,76815861798194;0,867098547310562;0,944738908519827;1,20058651026393;6,42574257425738;20,0995670995671;29,4070512820513;36,4985074626866;;0,0669414998036908;1,5;0,686914815036633;0,113755877570562;1,02275808987836;22,3884210411538;0,124729668755117;0,997305050634138;19,4384094030077;83,4812060671642;0,680678925289439;0,0381182554310637;0,0873726923785011;35,2979209524227;1,34549516704994;0,00183408869176711;0,680678925289439;0,0746284729700625
MON14h;0,435488473;0,1239;0,3348;0,4546;0,6061;0,8239;0,9265;0,9743;0,9898;4,33977900552486;7,90212765957447;17,0524590163934;23,2332563510393;28;;0,047;7,5;0,740346610169492;-0,0897460251065383;1,01660428228351;14,8202022823357;0,140964583673465;0,993627848089755;14,4094624581107;132,292156837808;0,675472514996934;0,0338739682083967;0,0813663375271609;23,6602209944751;0,801465573770492;0,00167857142857143;0,675472514996934;0,43981926552586
MON21Ah;0,532292938;0,0890047206923682;0,206825334382376;0,443646734854445;0,786290322580645;0,965774980330449;0,987411487018096;1;1;6,14949494949495;10,683800623053;16,1417910447761;19,6057692307692;21,7135658914729;;0,092053501180173;19,5;0,762150948805825;0,0520885442575442;1,00422682812456;15,9748265564003;0,295783854465987;0,99709781037752;11,5702774112354;171,712557900154;0,634661829417339;0,0954704194378062;0,0597337471851235;15,5640709419779;1,4859083809904;0,00423944651193028;0,634661829417339;0,791955617198335
MON22h;0,684806432;0,1044101758177;0,184952362243395;0,2767900992044;0,478833120518613;0,714468126903055;0,911600039288871;1;1;4,23898305084745;13,8609550561798;20,5035046728972;25,7762875536481;29,5996610169492;;0,050879088498183;21,5;0,694136968330839;0,0988452866756577;1,00969038930475;21,4129329832911;0,227600311027142;0,99859413148127;17,5671869650149;187,400344800289;0,793789009491288;0,0411345323721091;0,0603260175700742;25,3606779661017;1,04319962877525;0,00171890781009448;0,793789009491288;0,951398780696257
MON23h;0,474367745;0,0162241887905605;0,156440511307768;0,305014749262537;0,424385447394297;0,581219272369715;0,785644051130777;0,936578171091445;0,982792527040315;8,60381861575179;12,6131756756757;22,2727272727273;29,1409952606635;33,2415094339623;;0,0468043264503439;27,5;0,651405763045181;-0,0532632264997023;1,02815258097729;21,204094800675;0,141752759484347;0,994297144487354;16,5079317265639;1049,40299450376;0,711033832049992;0,0423115951045904;0,0496653159350848;24,6376908182105;1,04245999821221;0,00140800845832003;0,711033832049992;0,76530612244898
MAB01h;0,657307516290441;0,000765403750478377;0,00765403750478377;0,0459242250287027;0,223880597014925;0,403367776502105;0,62724837351703;0,893608878683506;1;17,262037037037;20,7260638297872;27,2745901639344;32,7227564102564;35,1452173913043;;0,0723306544202069;33,5;0,566496072440924;-0,0117137656414328;1,01922390068167;26,8989279073491;0,211373115732879;0,996498395644165;13,8783154919692;4730,73376026291;0,831968288485395;0,110315330747619;0,0240396582578112;17,8831803542673;1,97278895560032;0,0020580511315347;0,831968288485395;0,771750563486101
MAB02h;0,646517888063983;0,00381825124093165;0,0110729285987018;0,0255822833142421;0,0691103474608629;0,214585719740359;0,435662466590302;0,68881252386407;0,904543718976709;21,6859375;25,8135964912281;31,3905109489051;36,241452991453;39,8454545454545;;0,058801069110347;33,5;0,494350282485876;0,000834330105949749;1,0153291273233;31,3081313376725;0,223878699495338;0,999285471959445;14,3061868698697;3559,72063975677;0,869825434720485;0,101643430224246;0,018429244189768;18,1595170454546;1,84579560371567;0,00147572840568975;0,869825434720485;0,932798511800953
MAB03h;0,683230884667997;0,00152671755725191;0,0122137404580153;0,0293893129770992;0,0595419847328244;0,113740458015267;0,360687022900763;0,717175572519084;0,939312977099237;24,4098360655738;28,3720930232558;31,9398907103825;35,5308641975309;38,3720930232558;;0,079007633587786;33,5;0,484849268986933;0,0164689787022143;1,00458124394154;32,0440040101321;0,314886232837815;0,999529579034053;11,6218044459646;4893,71424919311;1,00649582797401;0,180736910209306;0,013686385701211;13,962256957682;2,52349518207983;0,002058986814712;1,00649582797401;0,951154833190761
MAB04h;0,661126435315321;0,0026840490797546;0,0103527607361963;0,0230061349693252;0,0452453987730061;0,103527607361963;0,262653374233129;0,533358895705521;0,743098159509203;24,8357142857143;29,7105263157895;34,3095238095238;40,2;46,52;;0,061733128834356;33,5;0,424658157429552;0,000903870319938212;0,985735860365789;34,6227968635068;0,211849636526391;0,999167062705241;15,9926379408169;4465,03184107975;1,2808174386921;0,0976759982545041;0,0184211076335396;21,6842857142857;2,11803425357874;0,00132702340572562;1,2808174386921;0,976405274115198
MAB05h;0,649605564556765;0,00415094339622642;0,0207547169811321;0,0452830188679245;0,0811320754716981;0,154716981132075;0,363018867924528;0,576603773584906;0,721132075471698;21,5641025641026;27,8644859813084;32,6146788990826;40,8406593406593;46,6086956521739;;0,067547169811321;30,5;0,449715382155421;-0,00527217308759612;1,02035221079287;33,8840871489464;0,164785585519623;0,998029688544972;17,5250851862775;3564,07831268325;1,73171502378292;0,0879642662266824;0,0235444074908363;25,0445930880714;2,20302925393804;0,0014492396508026;1,73171502378292;0,935161744022503
MAB06h;0,682543109570666;0,00114678899082569;0,00688073394495413;0,025611620795107;0,0921253822629969;0,251146788990826;0,542048929663609;0,773700305810398;0,960244648318043;20,321875;24,9724770642202;29,3125;34,3111111111111;38,3553956834532;;0,063073394495412;26,5;0,519505131394807;-0,00161884789659896;1,00681826476897;29,5118120137914;0,239623718061374;0,999422570340669;13,7818308379952;4768,75;1,15174762554865;0,102522347610313;0,0209881810637523;18,0335206834532;1,84883887614676;0,00164444645587693;1,15174762554865;0,904051172707889
MAB07h;0,667534277004699;0,00612323000382702;0,026406429391504;0,0929965556831228;0,205510907003444;0,480290853425182;0,70761576731726;0,876769996172981;0,993494068120934;15,4357142857143;21,1578014184397;25,3238993710692;31,4512987012987;35,5371681415929;;0,071182548794489;23,5;0,584499276758321;-0,00293508052069219;1,01016666006873;25,7770519514144;0,218025690191334;0,998698958881024;14,3243601355694;2276,66778106326;1,47077658756491;0,0896760858976719;0,0313448583150578;20,1014538558786;1,80261970264786;0,00200304505161672;1,47077658756491;0,92797715137216
MAB08h;0,660795804243906;0;0,00460122699386503;0,0141871165644172;0,0586656441717791;0,279907975460123;0,574003067484663;0,896472392638037;0,988113496932515;21,3009174311927;24,3809523809524;29,1266968325792;32,3631284916201;35,1057471264368;;0,084739263803681;29,5;0,53439872101487;0,00136797182285673;1,00777139915711;28,7553800400936;0,300318257002941;0,999146927897698;11,4536542381679;5825,33936651584;0,681965009289851;0,178790676966922;0,0162722865110728;13,8048296952441;2,46817484662577;0,00241382880980953;0,681965009289851;0,98718347056082
MAB09h;0,685897982625683;0;0,000381825124093165;0,00420007636502482;0,0179457808323788;0,0423825887743414;0,129438717067583;0,398243604429171;0,660175639557083;28,55;32,7517605633803;36,6215277777778;41,7657480314961;45,4661971830986;;0,072164948453608;34,5;0,388992434685253;-0,00120684405642184;1,00119022805819;37,0443204889781;0,249497817152194;0,999561495369264;13,6254409521081;7324,30555555555;1,32933584081729;0,156228414446255;0,0126133318617443;16,9161971830986;2,64279066437571;0,00158722200062147;1,32933584081729;0,942068834739737
MAB10h;0,637086865101619;0,000383141762452107;0,00306513409961686;0,00727969348659004;0,0275862068965517;0,119540229885057;0,501915708812261;0,713409961685824;0,845977011494253;24,5142857142857;27,0686274509804;29,9722222222222;36,3955223880597;41,9010989010989;;0,097701149425287;27,5;0,481622183258653;-0,0148484303677689;0,993486597884594;30,940289911668;0,247825162904211;0,995622840190322;12,4369394177813;5567,79359430605;2,21218891473976;0,168421925885889;0,0193545064038373;17,3868131868132;2,92832056194124;0,00233170852286943;2,21218891473976;0,917516218721038
MAB11h;0,702635481157098;0,00610454025181229;0,0175505532239603;0,0293780999618466;0,0461655856543304;0,0850820297596337;0,136207554368562;0,216711178939336;0,302937809996185;26,2793103448276;36,9829545454545;47,9336283185841;54,3341346153846;58,268253968254;;0,0488363220144981;50,5;0,260561695303255;-0,0145609757721397;1,9221608641313;59,7366458923942;0,0832188352126926;0,998677896929636;26,315292282224;4316,5792758292;0,584485158575898;0,0731784748957864;0,0139225661665983;31,9889436234264;2,34090210788964;0,000838129147324465;0,584485158575898;0,946459891073571
MAB12h;0,673969259116932;0,0100076982294072;0,058891454965358;0,338722093918399;0,578137028483449;0,787528868360277;0,956505003849115;0,998845265588914;1;11,2101694915254;13,7295081967213;18;24,0441176470588;28,1382716049383;;0,070438799076213;13,5;0,697179055596874;-0,0516562985629882;1,00614148675486;18,122246164516;0,221813015097124;0,997348846001958;10,8288754305703;1199,38445755322;1,4153212148583;0,0748990273615627;0,0522472287451013;16,9281021134128;1,26789838337183;0,00250330937397914;1,4153212148583;0,75
LOP07h;0,456916844;0,00194609321786514;0,00350296779215724;0,00574097499270215;0,0161525737082806;0,0353215919042522;0,183808504427362;0,585092925951153;0,928967597547923;28,4021327014218;30,9731759656652;34,0494565217391;37,1782814614344;39,4919795221843;;0,089520288021796;34,5;0,44490494654016;0,00490406897929918;1,0062189781326;34,0794564767523;0,379943755246186;0,999642461211383;9,56151759736895;4901,95789975363;1,01708049141279;0,274856560606861;0,009565444997207;11,0898468207625;3,04811715481171;0,00226679667884231;1,01708049141279;0,986767968587892
LOP08h;0,569507684;0,000680933852140078;0,00136186770428016;0,00262645914396887;0,00632295719844358;0,0171206225680934;0,256809338521401;0,939299610894942;1;28,2884882108183;29,9363057324841;31,6631116687578;33,2608991825613;34,5307781649245;;0,160505836575876;32,5;0,484402822660424;0,00370477541267278;1,00278561233881;31,6157761510624;0,7044290193618;0,999828370674675;5,72388849569565;5573,57513621285;0,92528493227866;0,814142608618545;0,00622639620268987;6,2422899541062;5,08211422698936;0,00464819633688168;0,92528493227866;0,973568980206455
LOP09h;0,495564917;0,00398987933047879;0,00603347606072402;0,00817438692098093;0,0107045543012845;0,0161541455819385;0,0493382639159206;0,165531335149864;0,397138964577657;32,7968992248062;37,2210953346856;41,3167185877466;44,1756569847856;46,5033391915642;;0,097800700661736;42,5;0,336503189924194;0,0113861089425178;1,02445728667713;41,0882388653745;0,324079734093192;0,998399102495454;12,1777303047759;4595,9147023997;0,698047212936942;0,294810617251854;0,00802921382943324;13,7064399667579;4,04080402692539;0,00210308985036234;0,698047212936942;0,971360711772394
LOP10h;0,643684049;0,0229594318513474;0,0341472905924701;0,0451405778772254;0,0709212958458994;0,156532736647534;0,348963906994844;0,601517657359665;0,813989687712813;22,2613095238095;27,8087016574586;32,6271739130435;38,6122572815534;41,6232142857143;;0,064889580698511;30,5;0,475211926240929;0,0242816255927155;1,02123699821935;33,342177347602;0,223840051825229;0,998415400770284;15,177209276009;1166,94695680918;1,24211224036266;0,109346867502436;0,0181881766598889;19,3619047619048;2,11716363459479;0,00155897572573539;1,24211224036266;0,934803611286937
LOP11h;0,67800523;0,0205232953992802;0,0345297150082677;0,0542748759848264;0,0922089290925007;0,235482929676102;0,492656356385566;0,757805660927925;0,941639918295886;20,4684210526316;25,312893081761;30,1306228373702;34,8348765432099;38,7842222222222;;0,05622021204163;30,5;0,519165681634214;0,022453500543453;1,01273127071313;30,4228876117262;0,241312420472625;0,999298996178011;14,2291495196982;1180,51459915399;0,976446157105953;0,0924857170690282;0,0201748215490721;18,3158011695906;1,69395000486333;0,00144956399330389;0,976446157105953;0,987740805604203
LOP12h;0,62854915;0,00544800077828583;0,0209164315594902;0,095923727989104;0,226675746667964;0,420760774394396;0,5828387975484;0,760774394396342;0,942698706099815;15,1782978723404;20,6772598870056;27,6585014409222;34,7224310776942;38,5278260869565;;0,043778577682654;23,5;0,555184092629205;-0,0224731422031704;1,02856239169059;27,529037141107;0,162480986652547;0,997688912822021;16,7622475846736;2647,25300350332;1,01184432342255;0,0518575725722481;0,0305225502869091;23,3495282146161;1,21084985391721;0,00113628465784305;1,01184432342255;0,849648345923418
LPG01h;0,64020925;0,00549288867091712;0,0131436978911231;0,0352133398724865;0,0765080922020598;0,146738597351643;0,281216282491417;0,555762628739578;0,856204021579206;22,0094339622642;29,2783446712018;34,0961844197138;38,0787250384025;40,9988814317673;;0,06758214811182;37,5;0,462760076807342;0,0234364706881874;1,02157821973832;34,0576148546722;0,250492102376447;0,997863195170429;15,7923260425093;3249,45641653641;0,826623720707738;0,121345994358272;0,016334308947843;18,9894474695032;2,30429338550103;0,00164839004752591;0,826623720707738;0,900170190940247
LPG02h;0,68771816;0,00897790055248619;0,0129242304656669;0,0176598263614838;0,0299921073401736;0,0691594317284925;0,204321231254933;0,524072612470403;0,818863456985004;26,6568720379147;31,025641025641;34,6781002638522;38,7016574585635;41,9745358090186;;0,083168902920284;33,5;0,437767547790724;0,0138956476285915;1,01069350581489;34,9241253268337;0,295951084607937;0,999641299028807;12,6549935532149;2480,92337856018;1,10160221710834;0,188288475148868;0,0127374337009656;15,3176637711039;2,8841395543042;0,00198141328587163;1,10160221710834;0,966027543178878
