plot_name;WD_mean;basal_thickness;transition_thickness;upper_thickness;basal_norm_auc;transition_norm_auc;upper_norm_auc;transition_slope;transition_r2;zone_heterogeneity_index;height_max_d1;max_d1;height_max_d2;max_d2;height_min_d2;min_d2;asymmetry_ratio;acceleration_phase;deceleration_phase;phase_ratio;roughness_small;roughness_medium;roughness_large;dominant_height_small;dominant_height_medium;dominant_height_large;energy_slope;energy_ratio_small_large;anisotropy_mean;anisotropy_max;height_max_anisotropy;anisotropy_transition;anisotropy_ratio
123;0,711641590236333;21,643216080402;8,30150753768844;28,4623115577889;0,0583828686688838;0,489998780649565;0,98528209352051;0,0568753986449796;0,999602071778135;0,938996322386158;31,6859296482412;0,075731666496689;20,8643216080402;0,0105402046742828;34,2060301507538;-0,0205539225300656;-0,232876712328767;10,821608040201;2,52010050251256;0,232876712328767;1,21814175220202e-06;0,0003170959326482;0,00283172674599197;34,252446183953;34,4833659491194;34,5988258317025;3,369119960613;0,000426935415055522;1,0293076362514;5,18913158758617;8;0,217060276494012;5,04138063765299
148;0,695009329989596;14,2311557788945;17,1959798994975;26,9798994974874;0,180795093245067;0,455677473874114;0,963743903993187;0,030333571574372;0,976959725095737;0,796263779519357;2,03768844221106;0,05865773677734;21,1608040201005;0,00620685256801853;3,37185929648241;-0,0196981187859919;0,0697674418604651;-19,1231155778894;1,33417085427136;-0,0697674418604651;2,2686570236233e-05;0,000554670938886698;0,00178925872331377;1;1;1;1,86034520998837;0,0124787132134727;0,291948656272588;5,0156739715494;1;0,233539423320006;17,1799864934688
162;0,673188310413096;23,7185929648241;9,48743718592965;25,2010050251256;0,0613801802042063;0,470573440628414;0,97457224917823;0,0529181676934223;0,988788567083277;0,908484650996836;32,2788944723618;0,0651017021841871;30,9447236180905;0,00658281689712528;38,9497487437186;-0,0100978702678565;-4,99999999999997;1,33417085427136;6,67085427135678;4,99999999999997;3,21436245824872e-07;0,000167650040611213;0,00202241931597856;38,986301369863;38,8708414872798;38,8708414872798;3,80825568281822;0,000157831582334408;1,18763788723612;5,16741880255549;10;0,230059448946251;4,35100535111854
166;0,649684665998923;24,0150753768844;7,41206030150754;26,9798994974874;0,0347244080415873;0,49903247781931;0,977814161018057;0,0640952923024439;0,998642136670685;0,985705617678874;26,9422110552764;0,0690764389443981;24,1256281407035;0,0108465650218955;36,2814070351759;-0,0126310587196856;-3,31578947368421;2,81658291457286;9,3391959798995;3,31578947368421;7,65667465219226e-07;0,000263871758649862;0,00281583861890265;36,4461839530333;36,6771037181996;36,7925636007828;3,56882998871791;0,000271688301109429;1,48931424152922;5,15753319360622;13;0,208332793763528;3,46302549844048
180;0,641690554567454;19,8643216080402;13,3417085427136;25,2010050251256;0,0680117454018718;0,498877021887831;0,954178052919486;0,0363001288464088;0,999535884023774;0,976094699256611;31,0929648241206;0,0385407180913862;19,9748743718593;0,00539638856129657;35,9849246231156;-0,00594387746647198;-0,44;11,1180904522613;4,89195979899497;0,44;3,47478017990106e-07;5,92891054074052e-05;0,00120666905687949;19,9354207436399;36,5616438356164;1;3,49478622939763;0,000282727554406772;0,898834413387082;5,1331022;6;0,216298425396172;5,71084298014014
184;0,67379060339251;26,6834170854271;9,19095477386935;22,5326633165829;0,0564503992468673;0,508633907852841;0,969115222548452;0,0544480505749969;0,995578351578402;0,991909044225652;31,3894472361809;0,0627998130936629;28,8693467336683;0,00959641289702276;42,8040201005025;-0,0116436038795165;-4,52941176470588;2,52010050251256;11,4145728643216;4,52941176470588;4,42606084253666e-07;0,000175856470191292;0,00176000463721079;43,027397260274;42,7964774951076;42,7964774951076;3,60249199869707;0,000251523820446283;1,21041530660252;5,1903106497501;7;0,210245330158003;4,28804115532762
189;0,671962384457375;21,643216080402;17,7889447236181;18,9748743718593;0,140356324554249;0,417417806481999;0,946563606865201;0,026576781983848;0,913142086652634;0,768074619695081;38,5050251256281;0,0570389506399294;35,9849246231156;0,00824377023138994;40,1356783919598;-0,00810695260157648;-0,647058823529409;2,52010050251257;1,63065326633166;0,647058823529409;7,94816531483539e-07;0,000286890493500661;0,00267603259046959;1,46183953033268;1,46183953033268;1,46183953033268;3,49990604315762;0,000297591323093728;0,501836968252325;5,00196059207997;2;0,253433982585682;9,96730194967417
199;0,691354737411217;26,9798994974874;9,19095477386935;22,2361809045226;0,0621766744831837;0,448728676975661;0,972041263028592;0,0543208127106612;0,970233518796202;0,867764251034471;35,5402010050251;0,0739715500534828;33,0201005025126;0,0107443028508424;42,8040201005025;-0,0101724076226907;-2,88235294117647;2,52010050251256;7,26381909547739;2,88235294117647;5,49049882348229e-07;0,000237556783876445;0,0023698115892368;33,4442270058708;41,8727984344423;41,6418786692759;3,64519857017909;0,000231622815176823;1,14920514834373;5,16346577106639;7;0,230893762503479;4,49307573892104
41;0,685896440530775;19,5678391959799;14,8241206030151;24,0150753768844;0,0585729299631964;0,500537265142455;0,958412913263026;0,0331747957982699;0,998119471085817;0,984354440086564;31,9824120603015;0,0407508135992732;30,9447236180905;0,00631444275439222;40,7286432160804;-0,00783934350468235;-8,42857142857139;1,03768844221106;8,74623115577889;8,42857142857139;5,46791105131729e-07;7,48148105061489e-05;0,00122795014626257;33,0978473581213;40,7181996086106;3,19373776908023;3,29305934673056;0,000436619259457886;1,05837043241867;5,19110305295321;9;0,213581506769859;4,90480732827174
53;0,715512982152334;14,5276381909548;9,48743718592965;34,391959798995;0,0625511003677308;0,494764009208769;0,970041877011672;0,05203479403795;0,999510080829656;0,958294352271154;20,4195979899498;0,0549605437938963;11,9698492462312;0,00647999869231269;27,9798994974874;-0,0108364265727713;-0,894736842105263;8,44974874371859;7,56030150753769;0,894736842105263;5,06492456211801e-07;0,000155287959848134;0,00389263917966012;28,0176125244618;27,7866927592955;2,50097847358121;3,86863483227191;0,000123105019552754;0,757267052298184;5,10397636423323;6;0,214524536937931;6,73999528798127
Betamba_1;0,431986184452857;18,0854271356784;9,19095477386935;31,1306532663317;0,0756439108232399;0,537674630081407;0,975634581514529;0,056190876413877;0,973955137609862;1,02289666154162;21,9020100502513;0,0736942482725753;19,9748743718593;0,0137846931794273;25,0150753768844;-0,0135480735421644;-1,61538461538462;1,92713567839196;3,11306532663317;1,61538461538462;9,09447393113553e-07;0,000306130283148344;0,00258088472885687;19,9354207436399;19,4735812133072;1;3,46349728849145;0,000343112363073909;0,625740024905011;5,11928;3;0,193840696151256;8,18116117916082
Betamba_2;0,424528609492443;12,1557788944724;12,4522613065327;33,7989949748744;0,132475273271976;0,536350933390986;0,950572982605394;0,0470719942555482;0,941873527050474;0,990446973124926;18,3442211055276;0,0795351024403104;16,713567839196;0,0190698020464208;20,8643216080402;-0,0226578841160019;-1,54545454545455;1,63065326633166;2,52010050251256;1,54545454545455;7,17415745146666e-06;0,000566781968948605;0,00458606720454643;1;1;1;2,7994272263658;0,00148724459088311;0,287172094793756;5,11928;1;0,195201305282432;17,8265231643646
Betamba_3;0,459189546294358;20,7537688442211;13,9346733668342;23,7185929648241;0,0358110821523143;0,445124025858245;0,977333357177466;0,0302871837244764;0,937052323694804;0,878698058398672;35,8366834170854;0,0713398755071552;18,7889447236181;0,0112268968258911;38,0603015075377;-0,0181992544934289;-0,130434782608696;17,0477386934673;2,22361809045226;0,130434782608696;1,46589552986462e-06;0,000390169837664354;0,00243444124249769;38,0626223091977;38,1780821917808;38,8708414872798;3,23718156569825;0,000600428693417413;1,26673352196315;5,1508448;9;0,223855669808769;4,06624180278845
Betamba_4;0,417842593797534;15,1206030150754;4,44723618090452;38,8391959798995;0,0706036526710661;0,52765783488349;0,976204731279073;0,111720073486818;0,991041222676226;1,00812687971101;18,0477386934673;0,119586491478711;16,1206030150754;0,0283797274556619;19,9748743718593;-0,0274424272823656;-0,999999999999998;1,92713567839196;1,92713567839196;0,999999999999998;2,85013770186504e-06;0,000852529302861654;0,00813421921560767;19,9354207436399;15,5479452054795;2,38551859099804;3,46505155818181;0,000336112263527469;0,566416352842279;5,1271808;4;0,18502138205463;9,05196464450892
GIL1;0,675900197374317;29,0552763819096;5,33668341708543;24,0150753768844;0,0453553450780961;0,488026897724713;0,984011819678126;0,0963781429414415;0,996156529283246;0,948207625877184;33,464824120603;0,103857594906278;30,9447236180905;0,0225945407363562;38,0603015075377;-0,0195243168606292;-1,82352941176471;2,52010050251256;4,59547738693468;1,82352941176471;1,50054978672031e-06;0,000614861816565832;0,00490967198972572;31,5968688845401;38,1780821917808;38,6399217221135;3,53323021175915;0,000305569385735554;1,58518635525428;5,1823072;13;0,215877333446452;3,26921007288679
GIL2;0,679711679369825;24,608040201005;6,22613065326634;27,572864321608;0,0512318812505392;0,465611249383102;0,988660413492698;0,0808215044493909;0,988996754555924;0,895498989148809;31,3894472361809;0,100639444363566;27,0904522613065;0,0157887833903726;34,7989949748744;-0,0269496007060673;-0,793103448275862;4,29899497487438;3,40954773869347;0,793103448275862;1,46162378552314e-06;0,0006091026083918;0,00461921298684056;34,8297455968689;34,7142857142857;34,9452054794521;3,51965168227499;0,000316027618400997;1,31632181042575;5,1921182;10;0,227620129959549;3,9444140170561
GIL3;0,653733974085753;25,2010050251256;7,11557788944724;26,0904522613065;0,0402710626583165;0,455024250980387;0,979835350783589;0,0680907139283811;0,975853090951993;0,892111342472802;32,2788944723618;0,0909870199730036;30,9447236180905;0,0142341941042291;34,2060301507538;-0,0167734140891477;-1,44444444444443;1,33417085427136;1,92713567839196;1,44444444444443;1,12129980549037e-06;0,000367030978811287;0,00327628137388725;34,0215264187867;34,5988258317025;37,9471624266145;3,47050847574736;0,000342056319562229;1,56949201839447;5,18180287854558;15;0,23172800958225;3,30157963074343
JEU-L6B;0,634757315584483;24,3115577889447;9,19095477386935;24,9045226130653;0,0478530272466086;0,458760135278249;0,982129581278805;0,0550336658583671;0,980038466229444;0,890811420466678;31,9824120603015;0,069675056180593;29,1658291457286;0,0109008940208674;38,0603015075377;-0,0205928081671521;-2,1578947368421;2,81658291457287;6,07788944723618;2,1578947368421;8,30251922500447e-07;0,000302364022543906;0,00262592226161146;38,0626223091977;38,4090019569472;38,5244618395303;3,50802419509878;0,000315527346834038;1,41834806239105;5,16605742707095;12;0,234410849103283;3,64230583737114
JEU2;0,302673266932329;15,1206030150754;3,85427135678392;39,4321608040201;0,0450500496304911;0,484550996041681;0,990865636245774;0,128994705747866;0,995928408085735;0,93550276851307;19,2336683417085;0,136803026274299;16,1206030150754;0,0270679812292914;21,1608040201005;-0,0374210206487168;-0,619047619047617;3,11306532663317;1,92713567839196;0,619047619047617;3,73625044828923e-06;0,00115897490393823;0,0109084696573532;20,9745596868885;21,2054794520548;22,1291585127202;3,47994399268555;0,000331263308755408;0,845349292045799;5,1960398;7;0,207567431705444;6,14661873960438
JEU3;0,317109220440544;7,11557788944724;8,00502512562814;43,286432160804;0,122685225996331;0,439610734153614;0,986648540359315;0,0596338357827819;0,96045313135055;0,792567119989166;15,9723618090452;0,0937888854322088;13,748743718593;0,0145568639237493;18,7889447236181;-0,0229354585808111;-1,26666666666667;2,22361809045226;2,81658291457287;1,26666666666667;3,92194338073154e-06;0,0011016713317477;0,0148860272259918;1;1;1;3,60814032686402;0,000249363199855131;0,1726312421226;1,68749343950773;1;0,23525700546861;9,7751335086224
JEU4;0,352725128364003;15,1206030150754;5,04020100502513;38,2462311557789;0,0890344981995387;0,458342220415155;0,974879947941828;0,0955200112293429;0,986049434791827;0,861614807614433;20,1231155778894;0,11160970418807;17,8994974874372;0,0220289331332276;22,0502512562814;-0,0298936195468306;-0,866666666666667;2,22361809045226;1,92713567839196;0,866666666666667;2,26881820586637e-06;0,000771874274884083;0,00672139380052772;22,1291585127202;22,5909980430528;23,2837573385519;3,49033837968741;0,000326326302010394;0,477877452980095;5,0836472;1;0,225843780355113;10,6379724933617
Lokofa_1;0,543220422992145;2,66834170854271;15,1206030150754;40,6180904522613;0,0379362330774091;0,582270412528091;0,954314158223862;0,0258446821605383;0,943488000754104;1,1736360451609;3,81658291457286;0,12886934998369;2,77889447236181;0,0449166205156907;5,15075376884422;-0,0404593176370823;-1,28571428571429;1,03768844221106;1,33417085427136;1,28571428571429;2,34683602074583e-05;0,0049927106960879;0,01224818687067;2,84735812133072;1,46183953033268;1,46183953033268;2,72461880741719;0,00185224198021449;0,274730510054058;5,0239712;2;0,177342055790908;18,2869066817932
Lokofa_2;0,631775980432104;13,3417085427136;13,3417085427136;31,7236180904523;0,0879679890513502;0,482582310130124;0,977077739649037;0,036135326577572;0,995876389370861;0,906218948399503;29,6105527638191;0,0491096247810035;9,30150753768844;0,00597379823354834;31,2412060301508;-0,00952359191546918;-0,08029197080292;20,3090452261306;1,63065326633166;0,08029197080292;6,50440523043386e-07;0,00022207635555871;0,00352562910229444;2,84735812133072;1,69275929549902;1,69275929549902;3,70523232406615;0,000174938351349905;0,485727681591527;5,0975198;3;0,214285547657834;10,4946042673491
Lokofa_3;0,610528173816418;4,15075376884422;11,2663316582915;42,9899497487437;0,0702643539451671;0,552729727005595;0,97087700032479;0,0401625903176358;0,980684218679672;1,06177652964936;4,70603015075377;0,0938510029114641;3,07537688442211;0,0330901891426151;6,04020100502513;-0,0166283970410916;-0,818181818181819;1,63065326633166;1,33417085427136;0,818181818181819;3,57863020802728e-06;0,00360358920281891;0,0150421673769402;3,07827788649706;1,34637964774951;1,34637964774951;3,65961759400355;0,000227781169977589;0,293536442548795;5,03992;2;0,186736162216622;17,1696568788463
Lokofa_4;0,622875752530392;12,1557788944724;10,9698492462312;35,2814070351759;0,108227729377913;0,483175278123523;0,95471227728358;0,0447468433000433;0,996923089617217;0,909129913439031;17,751256281407;0,0520554788957564;3,07537688442211;0,00927605786484439;26,2010050251256;-0,00853763490754114;-0,575757575757576;14,6758793969849;8,44974874371859;0,575757575757576;7,3307574248452e-07;0,00043602293207394;0,00458703717501262;2,96281800391389;1,57729941291585;1,57729941291585;3,80298398828714;0,000151316800140854;0,439642021731626;5,129155;3;0,216061600202966;11,6666622990171
M2P1;0,683213487687209;21,0502512562814;6,22613065326633;31,1306532663317;0,0597917951731275;0,487252304799702;0,980262643883083;0,0817712999508271;0,993577681770177;0,936974616909199;26,0527638190955;0,0910238778212519;24,1256281407035;0,0135225764660643;31,8341708542714;-0,0134795694356897;-3;1,92713567839196;5,78140703517588;3;1,12943011054744e-06;0,000380716403233278;0,00379727695501033;27,0939334637965;31,8277886497065;31,8277886497065;3,53703611900741;0,000295557986456791;0,917417197471356;5,1074168;6;0,213855974171959;5,56716923780957
M2P10;0,690164218831327;19,5678391959799;6,52261306532664;32,3165829145729;0,0566572609373362;0,449212428705038;0,978190129068178;0,0712055163238462;0,970673647747794;0,868171351724903;26,3492462311558;0,0989852977914582;24,1256281407035;0,0167964117330804;28,2763819095477;-0,0197650764678117;-0,866666666666664;2,22361809045226;1,92713567839196;0,866666666666664;1,46162311219911e-06;0,000467147823477826;0,00402600492623713;27,6712328767123;29,0567514677104;30,4422700587084;3,45103423524581;0,000359275038559414;1,02424108636316;5,1153272;8;0,23620601982584;4,99426089043482
M2P11;0,635462569755377;12,748743718593;10,6733668341709;34,9849246231156;0,0665335312600002;0,483502192316954;0,969505122230759;0,044807245932344;0,993397769870736;0,933367091445621;22,4949748743719;0,0557826815809949;11,0804020100503;0,00911675138258644;24,1256281407035;-0,00751910598599049;-0,142857142857143;11,4145728643216;1,63065326633166;0,142857142857143;4,78990608763658e-07;0,000183036586053426;0,00450765803580639;1;1;1;3,96388299071338;0,000100206730122258;0,606928564207128;5,1508448;3;0,224926250017375;8,48673979734156
M2P12;0,635644356226869;15,1206030150754;15,1206030150754;28,1658291457286;0,153492055151777;0,444665777907468;0,979143697375615;0,0328413794750911;0,958457070513445;0,78518760672216;32,8718592964824;0,0548577392845105;25,0150753768844;0,00751321186876197;3,07537688442211;-0,0138074079896803;3,79245283018868;7,85678391959799;-29,7964824120603;-3,79245283018868;1,21129728321046e-05;0,000344359088897789;0,00230201550052019;1;1;1;2,24716738157832;0,00516248117496379;0,304307565855204;5,1862328;1;0,235563090613768;17,0427336744816
M2P13;0,637840779216822;16,8994974874372;6,52261306532664;34,9849246231156;0,0510606098539953;0,467041622160929;0,985992349150185;0,0732484024671057;0,987831406427513;0,9007092995702;23,3844221105528;0,0882447342988325;20,8643216080402;0,0123374879450303;27,9798994974874;-0,0185073192420339;-1,82352941176471;2,52010050251256;4,59547738693468;1,82352941176471;9,63019959916885e-07;0,000409943388591545;0,00471562683806263;28,0176125244618;27,9021526418787;28,133072407045;3,69902964678214;0,000199332315884732;0,998249911052014;5,13570022546809;8;0,2399316589501;5,14470391493027
M2P14;0,54615367719752;14,8241206030151;6,52261306532664;37,0603015075377;0,0748789770110559;0,480389374857497;0,989641426511677;0,0757595655292703;0,992018711484907;0,902546110469621;21,605527638191;0,0901672269171558;19,0854271356784;0,010222639522494;25,0150753768844;-0,0194710158516132;-1,35294117647059;2,52010050251256;3,40954773869347;1,35294117647059;8,66899433055899e-07;0,000477502498196798;0,00639663495490901;25,2465753424658;25,4774951076321;25,8238747553816;3,88305736193845;0,000130656440409334;0,615555558599309;5,16365497935932;4;0,232401354851316;8,38860913076502
M2P15;0,584264631985949;12,1557788944724;2,66834170854271;43,5829145728643;0,0369081392551349;0,483914553199745;0,992469982287045;0,165312601306377;0,998278920218313;0,940207574015193;15,0829145728643;0,163084852862065;12,8592964824121;0,0356263401330652;17,0100502512563;-0,0424152540524287;-0,866666666666667;2,22361809045226;1,92713567839196;0,866666666666667;4,98390557683024e-06;0,00181111501312246;0,0225191075458245;16,9334637964775;17,6262230919765;2,03913894324853;3,65808285309307;0,000210266020349834;0,766117869497656;5,14836824050352;7;0,200425500311361;6,72007330135676
M2P16;0,615640475969634;13,9346733668342;8,59798994974874;35,8743718592965;0,0282731144652169;0,455765131560412;0,984469421211417;0,0548418824126357;0,971584218931663;0,900061201153966;22,7914572864322;0,0806237301623454;20,2713567839196;0,0135179672027105;25,9045226130653;-0,0136913718014456;-1,23529411764706;2,52010050251256;3,11306532663316;1,23529411764706;0,016244291555674;0,0243946562384845;0,0320178771987294;1,34637964774951;1,34637964774951;1,34637964774951;0,28726641836499;0,501148293721525;0,592572835383596;5,18653986060499;4;0,242776865615997;8,75257782825556
M2P2;0,709805193958147;20,7537688442211;4,44723618090453;33,2060301507538;0,0334596940543489;0,501550363698993;0,982434850748151;0,11314864692434;0,997891479512873;0,987406352883801;24,2738693467337;0,117357305527155;21,7537688442211;0,0218044299252708;27,0904522613065;-0,0209015003175707;-1,11764705882353;2,52010050251256;2,81658291457286;1,11764705882353;1,8914421735203e-06;0,00074016816352791;0,00591045857611644;20,0508806262231;27,6712328767123;28,5949119373777;3,51414979223121;0,000319377820083895;1,3353148395157;5,1960398;13;0,225303763099948;3,89124695257977
M2P9;0,594672817916126;20,4572864321608;8,89447236180904;29,0552763819096;0,127457354249031;0,462034610815889;0,983160133307104;0,0557626772449832;0,989540379694091;0,832031938975814;30,2035175879397;0,0750045992085173;23,8291457286432;0,00932349734252351;32,7236180904523;-0,0150346089758063;-0,395348837209302;6,37437185929648;2,52010050251256;0,395348837209302;5,71352110328794e-06;0,000423602881972905;0,00307590684046684;1;1;1;2,69451764949193;0,00185235123106189;0,388383534506431;5,0139902;1;0,232741348305445;12,9098938408188
MIX-L6A;0,640898273712083;22,2361809045226;6,81909547738693;29,3517587939699;0,0378844412413338;0,485307963688773;0,981210964403231;0,0752701335069778;0,994473854135692;0,952428910974871;27,8316582914573;0,0842841646506252;21,7537688442211;0,00962299342683527;34,2060301507538;-0,0146651057717682;-1,04878048780488;6,07788944723618;6,37437185929648;1,04878048780488;9,76369327744678e-07;0,000317033567624509;0,00343881510564107;29,0567514677104;34,252446183953;34,1369863013699;3,54563254946328;0,000283354188787158;1,35896174782401;5,17709372850246;12;0,215270818728977;3,8095948887392
MIX-L7A;0,649803859434677;27,8693467336684;7,11557788944724;23,4221105527638;0,0307869466261552;0,489726970131054;0,975510164126544;0,0696226925320458;0,999259465895846;0,973324806159373;32,2788944723618;0,0726501779000609;25,9045226130653;0,00906983738240584;39,8391959798995;-0,0133945854174676;-1,18604651162791;6,37437185929649;7,56030150753769;1,18604651162791;5,96081868265653e-07;0,000268174571417749;0,00301281638993198;40,0254403131116;39,9099804305284;39,9099804305284;3,71162682429718;0,000197844176318683;1,82346019223311;5,18373112321885;18;0,205514806810474;2,84279917121226
MIX2;0,656834708279199;23,1256281407035;8,30150753768844;26,9798994974874;0,0415294125018174;0,513781685484973;0,973294512045673;0,0607668351191737;0,994653745844067;1,01255335641415;27,8316582914573;0,069786235551118;22,0502512562814;0,00927073687313805;38,9497487437186;-0,0128071754905731;-1,92307692307692;5,78140703517588;11,1180904522613;1,92307692307692;5,32803324625906e-07;0,000199188120630626;0,00211739233490691;38,986301369863;38,986301369863;38,8708414872798;3,60121312466711;0,000250807276157563;1,37725657922202;5,1724862;13;0,205132373565119;3,75564457489963
MIX6;0,635333448418916;23,4221105527638;8,30150753768844;26,6834170854271;0,0539543024685627;0,488781774425164;0,963949804288611;0,0606398979926671;0,999101075239218;0,960368999752479;28,7211055276382;0,0627045629886082;25,9045226130653;0,00890746091341873;35,0954773869347;-0,0115347952278604;-2,26315789473684;2,81658291457287;6,37437185929648;2,26315789473684;6,57274664398628e-07;0,000176141795567311;0,00207959818852688;35,0606653620352;35,1761252446184;35,2915851272016;3,49659863285065;0,000315425012140649;1,18922513878854;5,17838;9;0,213141079090701;4,35441518270897
Model_OR_lidar_87_Principal;0,608632293676364;20,1608040201005;10,0804020100503;28,1658291457286;0,0644548696684864;0,490168334106517;0,970473437220407;0,0491400287520586;0,998336078231738;0,947250801516901;29,3140703517588;0,0532491866774898;21,1608040201005;0,00703076288974317;38,9497487437186;-0,00762911268445276;-1,18181818181818;8,15326633165829;9,6356783919598;1,18181818181818;2,58157826841136e-07;0,000104885932703259;0,00174109608880861;21,0900195694716;38,986301369863;38,4090019569472;3,82130881036129;0,000144537914680326;1,01618416196394;5,148875;8;0,213622098204941;5,06687192412937
Modele_2406_Principal;0,623091562446593;21,643216080402;6,22613065326633;30,5376884422111;0,0597175613680685;0,488270302463572;0,970263886964551;0,0804306192781404;0,998678608736148;0,948114751491894;26,9422110552764;0,0853306262503099;22,0502512562814;0,0138030072120842;29,1658291457286;-0,0170248242884565;-0,454545454545455;4,89195979899498;2,22361809045226;0,454545454545455;8,30803799388177e-07;0,000343109975516556;0,0032007533537681;29,1722113502935;29,5185909980431;21,7827788649706;3,59949006988387;0,000257892755066634;0,985768231486164;5,1940792;7;0,219215058873666;5,26906734676294
Modele_4301_Principal;0,640060779405637;15,713567839196;11,8592964824121;30,8341708542714;0,0653411845346933;0,471850674625078;0,983157583279855;0,0388502245564299;0,99367986808632;0,900050031739353;29,3140703517588;0,0688613130252488;26,2010050251256;0,0107470972375434;31,2412060301508;-0,01659491572717;-0,619047619047621;3,11306532663316;1,92713567839196;0,619047619047621;8,94121960614935e-07;0,000252136553172855;0,00331292815985405;31,1350293542074;31,7123287671233;2,38551859099804;3,56472479114184;0,000258861208715163;0,827580292604977;5,14847504950495;7;0,221099069297468;6,2211184769747
Modele_4402_Principal;0,642357901463453;20,1608040201005;9,19095477386935;29,0552763819096;0,100872131280408;0,445622319153918;0,972116612346497;0,0519524965031426;0,979988332902334;0,830618814597496;29,9070351758794;0,0742484330180284;22,0502512562814;0,00827762382077031;32,1306532663317;-0,0174563312023162;-0,283018867924529;7,85678391959799;2,22361809045227;0,283018867924529;8,18278416441241e-07;0,000285210077785994;0,00297562095026907;32,0587084148728;32,2896281800391;32,7514677103718;3,57406631060209;0,000269232900109704;0,706524050705843;5,08048158351189;4;0,236053467675223;7,19081194537724
Modele_4503_Principal;0,572209192986449;13,6381909547739;10,0804020100502;34,6884422110553;0,0836371120432656;0,454620228820491;0,981814213746683;0,0455747388214353;0,97805194690499;0,853385260905139;24,570351758794;0,0739656727800438;22,0502512562814;0,010640036004637;27,0904522613065;-0,0166408793657301;-1;2,52010050251256;2,52010050251256;1;7,17382449954611e-07;0,000320425126987944;0,00431952682024057;27,0939334637965;27,2093933463797;1;3,78180821108409;0,00015895949676952;0,508835799587871;5,16994199257605;3;0,228833404532269;10,1603346241821
Modele_MA_lidar_205_principal;0,633491078157232;20,4572864321608;8,30150753768844;29,6482412060302;0,0585627135415145;0,479311391508723;0,981554281791286;0,056684851275465;0,991268233162164;0,921648994602496;28,7211055276382;0,0711235914098422;26,7939698492462;0,00882718013972007;34,7989949748744;-0,0131889130052673;-3,15384615384615;1,92713567839196;6,07788944723618;3,15384615384615;5,88457902070127e-07;0,000230107294426311;0,00265176879145312;34,9452054794521;34,5988258317025;34,4833659491194;3,6555171737726;0,000219044565693943;1,05976999362656;5,1528142;8;0,216125838637115;4,86220050670331
PARAP_Gungu_5;0,537557003550616;7,11557788944724;3,85427135678392;47,4371859296482;-0,235777970425953;0,471834106486696;0,990103827037584;0,120957232528231;0,993022423944181;1,25100870492796;11,2286432160804;0,129196217819357;6,04020100502513;0,0231658050343789;13,748743718593;-0,0310367296822907;-0,485714285714286;5,18844221105528;2,52010050251256;0,485714285714286;0,119303669569775;0,179456840703504;0,233255443211449;1,34637964774951;1,34637964774951;1,34637964774951;0,284832194228419;0,505412971483913;0,460998676581812;5,1567518;4;0,21233627173372;11,1860446937419
PARAP_Idiofa_6;0,639826968766586;6,81909547738694;10,6733668341709;40,9145728643216;0,216100965580955;0,51901478058697;0,97357289751163;0,0451333349517634;0,997630799782077;0,872532879284713;7,67085427135678;0,0641172103958655;5,74371859296482;0,0139752158151162;9,00502512562814;-0,00856638723932108;-0,692307692307692;1,92713567839196;1,33417085427136;0,692307692307692;0,0253177284474996;0,034650656016922;0,0413323634449883;1,34637964774951;1,34637964774951;1,34637964774951;0,203234117548838;0,60886256720487;0,337930317086074;5,14785487189355;2;0,211834911385108;15,2334804295832
PARAP_Luhudi_5;0,51063808437062;10,6733668341709;4,44723618090452;43,286432160804;0,0544800591423267;0,487901873198999;0,981611633221781;0,109025164834946;0,999214190438632;0,941812151945213;14,4899497487437;0,113193191803551;11,0804020100503;0,0214234189651673;17,0100502512563;-0,0223476318675584;-0,739130434782609;3,40954773869347;2,52010050251256;0,739130434782609;1,6083964244127e-06;0,000826905426355207;0,0181295730343268;16,8180039138943;17,3953033268102;1,34637964774951;4,04812103581595;8,37863474258979e-05;0,577049991828643;5,08736117902468;4;0,22689751098444;8,81615328145674
PARAP_Lukolela_53;0,798892924272538;18,0854271356784;8,30150753768844;32,0201005025126;0,0520408779963229;0,501372328188577;0,964812926787244;0,060834463516053;0,999431840261136;0,98612470313821;24,2738693467337;0,064293819141923;17,0100502512563;0,0106435896003135;27,0904522613065;-0,00667655711612687;-0,387755102040816;7,26381909547739;2,81658291457286;0,387755102040816;3,58970493346138e-07;0,000176387686180809;0,00256626627534972;17,0489236790607;17,0489236790607;16,9334637964775;3,8596282333741;0,000136469553004911;0,918024490840336;5,13842240587695;6;0,209386085552819;5,59726070180695
PARAP_Mampulu_28;0,582667015416669;16,3065326633166;5,92964824120603;36,1708542713568;0,0632255862825028;0,461211632006708;0,991681699484938;0,0821885267967496;0,97672742404964;0,874411691395569;22,7914572864322;0,111786106688759;20,8643216080402;0,0181516074713494;25,9045226130653;-0,028737607023753;-1,61538461538461;1,92713567839196;3,11306532663316;1,61538461538461;1,76115522017111e-06;0,000711566104242341;0,00637187937203786;25,5929549902153;25,7084148727984;26,1702544031311;3,57337480705988;0,000270392963910177;0,742300228290094;5,148875;5;0,229634182809789;6,93637803649954
PARAP_Mangai_16;0,597694054128631;20,7537688442211;13,0452261306533;24,608040201005;0,0670378528442158;0,480115335539949;0,961750754872173;0,0367219566873795;0,993221209462174;0,933360521177748;34,3542713567839;0,0489047416195406;30,9447236180905;0,00553317972145639;38,0603015075377;-0,00958674724204616;-1,08695652173913;3,40954773869347;3,70603015075377;1,08695652173913;2,1890022704494e-07;8,86100735697953e-05;0,00132948318378805;38,1780821917808;38,0626223091977;38,4090019569472;3,77248856657337;0,000162192581191673;1,02432475218358;5,168555;8;0,219856053752958;5,04581675780272
PARAP_Maniema_178;0,630463454652273;12,4522613065327;10,9698492462312;34,9849246231156;0,0502458297000515;0,515455121404283;0,983075074937956;0,0455786757061693;0,996800109471722;0,997667073395475;27,2386934673367;0,0524797315173481;9,59798994974874;0,0103747700645627;29,1658291457286;-0,0169831957895355;-0,109243697478992;17,6407035175879;1,92713567839196;0,109243697478992;7,93207341235861e-07;0,000255303223258412;0,00602713989688294;29,1722113502935;29,6340508806262;2,38551859099804;3,85374872436415;0,000124120814913238;0,767066283945322;5,17421303948577;7;0,208161391240254;6,74545752796325
PARAP_Mashambio_26;0,686185396307721;17,1959798994975;5,04020100502513;36,1708542713568;0,0400778959345547;0,470245306958982;0,987361338276598;0,0958954934728947;0,992758368339876;0,915373466967176;22,1984924623116;0,107523017620039;19,9748743718593;0,0145101292869789;25,0150753768844;-0,0222926651355204;-1,26666666666667;2,22361809045226;2,81658291457287;1,26666666666667;1,40921111536309e-06;0,000637390806853865;0,00637017491494001;25,0156555772994;25,3620352250489;26,1702544031311;3,67012210951102;0,000217901975672724;0,985460592547804;5,16031017243139;7;0,222838573532927;5,23644497959066
PARAP_SwaKibula_234;0,536598499317287;10,0804020100503;9,19095477386935;39,1356783919598;0,0920691990709705;0,491510861332469;0,963703337204746;0,055069415554714;0,998068621776047;0,931092341284602;17,1582914572864;0,0604676889145367;6,04020100502513;0,00650713944820371;19,9748743718593;-0,00681005107802923;-0,253333333333333;11,1180904522613;2,81658291457287;0,253333333333333;1,19788367015982e-06;0,000381208963283864;0,00828766450640831;1;1;1;3,87185563394728;0,00013660077112155;0,331784068903564;5,08248525660647;1;0,212577718367019;15,318653705714
WWF-DIAF_07_01_Principal;0,549473097443754;16,3065326633166;8,59798994974874;33,5025125628141;0,092890644488889;0,468163474856849;0,981118272836992;0,0560554129072404;0,987425698907087;0,871805563816928;24,8668341708543;0,0718950839338241;22,0502512562814;0,00664439188927624;29,1658291457286;-0,00958144685294055;-1,52631578947368;2,81658291457287;4,29899497487437;1,52631578947368;6,46981800479174e-07;0,000297885477444243;0,00345852974549295;1;1;1;3,73442198206746;0,000181803288512559;0,48871202444341;5,0339422;2;0,221130349368133;10,3004263210694
WWF-DIAF_08_02_Principal;0,565400758294462;16,6030150753769;8,00502512562814;33,7989949748744;0,0430345976520659;0,494493356852586;0,980301531127992;0,0609899536759168;0,999296510439204;0,966433888036538;24,2738693467337;0,0641374087202673;14,0452261306533;0,00935072619373973;30,9447236180905;-0,0114710297059011;-0,652173913043478;10,2286432160804;6,67085427135678;0,652173913043478;3,9588175541326e-07;0,000215956765654621;0,00358999891249262;30,7886497064579;30,3268101761252;30,0958904109589;3,95997221626742;0,000106579747791869;1,05548538645956;5,1705208;10;0,222986988052316;4,89871377314242
WWF-DIAF_11_05_Principal;0,671191372015157;19,2713567839196;7,70854271356784;31,427135678392;0,0863750120521558;0,451301731059824;0,983312302142157;0,0624898868919969;0,986092893213809;0,843801221293802;28,1281407035176;0,0819041995095143;22,0502512562814;0,0116362064401927;29,1658291457286;-0,0146649221453199;-0,170731707317073;6,07788944723618;1,03768844221106;0,170731707317073;0,00103317583589665;0,00178921299730193;0,00493260679957519;1,34637964774951;1,34637964774951;1,34637964774951;0,636988057959287;0,208212540926769;0,849393524568608;5,14585922532278;6;0,230097906278927;6,05827461180172
WWF-DIAF_13_07_Principal;0,678001575103467;22,8291457286432;8,89447236180904;26,6834170854271;0,0726136091214231;0,48840378104025;0,971754978791827;0,0543223391957201;0,996337153243127;0,935309213035846;31,0929648241206;0,062819688964928;23,8291457286432;0,00920380246413602;40,1356783919598;-0,0137868254838131;-1,24489795918367;7,26381909547738;9,0427135678392;1,24489795918367;7,96512368345928e-07;0,000174776166252773;0,0019485278917479;40,0254403131116;40,1409001956947;39,9099804305284;3,36984056806134;0,000404670840128485;0,853742039795784;5,15872;4;0,218024950165262;6,04248093631886
WWF-DIAF_14_08_Principal;0,640454370495342;16,0100502512563;8,30150753768844;34,0954773869347;0,0810876584606178;0,47619403488524;0,986775806385793;0,0570251772388703;0,99277820150989;0,891863146481428;25,7562814070352;0,0744023648650211;15,8241206030151;0,00681060544133456;28,8693467336683;-0,0187041460568392;-0,313432835820896;9,9321608040201;3,11306532663317;0,313432835820896;6,79837748352961e-07;0,000337534263952828;0,00416907614437295;28,5949119373777;28,9412915851272;29,1722113502935;3,80080240414681;0,00015785869830249;0,601014546983722;5,0538542;3;0,217713511674142;8,40887167434382
WWF-DIAF_15_09_Principal;0,564973771653605;13,3417085427136;6,81909547738693;38,2462311557789;0,0455192110532728;0,532845736859814;0,970888436148897;0,0706803558342277;0,984870604580814;1,04848824844354;15,9723618090452;0,0877068202252591;11,0804020100503;0,016406373066022;17,8994974874372;-0,0115761281487899;-0,393939393939395;4,89195979899497;1,92713567839196;0,393939393939395;9,29199565076575e-07;0,000361729704789585;0,00785855045837073;11,0450097847358;11,5068493150685;1,46183953033268;3,91335761970865;0,000111578330260566;0,770563224680426;5,1724862;6;0,197876252148014;6,71260453954985
WWF-DIAF_16_10_Principal;0,590432552333974;21,0502512562814;11,8592964824121;25,4974874371859;0,0820133786559768;0,487209975475744;0,966759710336569;0,0430281589582275;0,994994311966519;0,929104647305089;29,9070351758794;0,0512052981578895;27,9798994974874;0,00565640133832795;35,9849246231156;-0,00866068623595448;-3,15384615384615;1,92713567839196;6,07788944723618;3,15384615384615;9,21563722082458e-07;0,000138847079972627;0,00135703866995949;2,84735812133072;2,03913894324853;2,03913894324853;3,12521252000001;0,000670916313406937;0,605913268531865;5,1014798;3;0,211700605647571;8,41948850593905
WWF-DIAF_17_11_Principal;0,603926940023263;10,3768844221106;4,74371859296482;43,286432160804;0,06010325140178;0,507485280274689;0,985703437410594;0,10181092080683;0,999459633262588;0,970514504647113;14,1934673366834;0,105767893622723;11,0804020100503;0,0178362218862718;17,0100502512563;-0,0214742414214377;-0,904761904761904;3,11306532663317;2,81658291457286;0,904761904761904;1,31159291253312e-06;0,000741721666731281;0,0183255209821783;16,9334637964775;17,1643835616438;1;4,14419379081446;6,75622983803289e-05;0,568127054061473;5,14439669421488;4;0,208039569312249;9,05501094770649
WWF-DIAF_supp1_Principal;0,647391569284078;5,63316582914573;16,0100502512563;36,7638190954774;0,102927729348869;0,525421141512037;0,966152082997572;0,0306557070439944;0,994649440323095;0,982940909451522;6,18844221105528;0,0481031884877567;1,8894472361809;0,0122113299637489;29,1658291457286;-0,00736051547121305;-5,3448275862069;4,29899497487437;22,9773869346734;5,3448275862069;5,60725590874102e-06;0,00152849357812288;0,00848303961696188;1,57729941291585;1,57729941291585;1,57729941291585;3,20035307352914;0,000631395669616962;0,299821837775495;5,0221975308642;2;0,199808240579895;16,750606187081
WWF-DIAF_supp2_Principal;0,54118987036099;13,3417085427136;19,5678391959799;25,4974874371859;0,159494327100687;0,413690443841682;0,976018459689384;0,0229880168216584;0,917831308710878;0,728640749191605;33,7613065326633;0,0607378332284374;31,2412060301508;0,00838508084805658;38,0603015075377;-0,0107998276160977;-1,70588235294118;2,52010050251256;4,29899497487437;1,70588235294118;1,20505359258375e-06;0,000436311633414809;0,00270337745568268;1;1;1;3,38663265130522;0,000438416980780039;0,245477228597211;1,25743660745385;1;0,248849734221737;5,12241650534968
RAB01h;0,661041717;13,9346733668342;10,0804020100503;34,391959798995;0,0558937212690099;0,528946968448495;0,95502700139119;0,050334616790708;0,985109670467569;1,04646577440136;18,3442211055276;0,0615512553815867;14,0452261306533;0,00747884386409037;20,8643216080402;-0,0087504786863675;-0,586206896551724;4,29899497487437;2,52010050251256;0,586206896551724;3,5559123394342e-07;0,00016858399357272;0,00457333873535789;20,5127201565558;11,853228962818;1;4,09197539565239;7,33797166730962e-05;0,722667438597109;5,16196374885415;5;0,192570306299806;7,14293113700391
RAB02h;0,677997226;16,6030150753769;13,3417085427136;28,4623115577889;0,0589601792238265;0,507629002246367;0,953480443972466;0,0389050114290002;0,996029248701879;1,00278276200292;23,6809045226131;0,0465034833132072;12,8592964824121;0,00677462755558753;41,321608040201;-0,00961098306450328;-1,63013698630137;10,821608040201;17,6407035175879;1,63013698630137;3,86826806858239e-07;0,000107723646899666;0,00196646040355434;41,1800391389432;41,5264187866928;1;3,6814922171101;0,000187304474930322;0,898342625517037;5,18118967129677;7;0,209717663684723;5,76749841778326
RAB03h;0,644401004;20,1608040201005;10,9698492462312;27,2763819095477;0,0798597024341002;0,46144452345926;0,969994562513678;0,0460444813526523;0,980819530059199;0,879063959381473;29,6105527638191;0,0572985902904027;25,9045226130653;0,00813324649282259;38,9497487437186;-0,00800869311107912;-2,52;3,70603015075377;9,3391959798995;2,52;4,13655459312014e-07;0,000137462011009196;0,00195745871528631;38,8708414872798;25,5929549902153;1;3,6739427330194;0,000206089076139114;0,836705908826477;5,1773522930353;5;0,226708927788383;6,18778024443116
RAB04h;0,645410994;22,8291457286432;8,89447236180904;26,6834170854271;0,066589419624085;0,477329088074733;0,977229223067103;0,0549765693807287;0,995522227675247;0,914582416048972;33,1683417085427;0,0614166084902577;22,0502512562814;0,00818120231564722;37,7638190954774;-0,010651502292135;-0,413333333333333;11,1180904522613;4,59547738693468;0,413333333333333;4,54157159839567e-07;0,000189458997855284;0,00223519583023769;22,013698630137;37,2544031311155;37,3698630136986;3,69939320467981;0,000201713000011719;0,91308857713752;5,17364803665619;5;0,22290670121753;5,66609654988268
RAB05h;0,623710968;20,7537688442211;11,5628140703518;26,0904522613065;0,0574646098789156;0,506964079045223;0,958205821078098;0,0419332575568265;0,995382144305568;0,998284608064325;24,8668341708543;0,0492852148887557;22,0502512562814;0,00557489381585556;35,9849246231156;-0,00565531517711551;-3,94736842105263;2,81658291457287;11,1180904522613;3,94736842105263;2,18334029508818e-07;8,25147889298332e-05;0,00121432564829209;22,1291585127202;21,8982387475538;18,8962818003914;3,73261517739088;0,000177551877575397;1,06587620349323;5,17343055007994;7;0,201889694286714;4,85368801097622
RAB06h;0,642725861;21,643216080402;12,1557788944724;24,608040201005;0,044926382628214;0,499900023932396;0,96397046444162;0,040199147837765;0,998236672695595;0,990983419928943;36,1331658291457;0,0459560622614834;18,1959798994975;0,00690782898636291;38,0603015075377;-0,0108161965876779;-0,107438016528925;17,9371859296482;1,92713567839196;0,107438016528925;4,64416653052911e-07;0,000109219767324522;0,00120338321664485;38,0626223091977;38,293542074364;38,6399217221135;3,39817813046583;0,000384447945081147;1,26909211546776;5,17371506537549;10;0,211634661576817;4,07670570348518
RAB07h;0,712854621;18,9748743718593;15,713567839196;23,7185929648241;0,0617887089297067;0,459331857657387;0,95361679939486;0,0294765843306342;0,972525650459752;0,904725952127818;35,2437185929648;0,0504992686904308;30,9447236180905;0,00508569852671412;37,7638190954774;-0,00791725986186816;-0,586206896551724;4,29899497487438;2,52010050251256;0,586206896551724;3,13173504212139e-07;0,000105923604607991;0,0015842017685632;36,3307240704501;37,7162426614481;1;3,68955392986374;0,000195091552808649;0,997767358305678;5,16594746983461;7;0,22832613987878;5,17750698780823
RAB08h;0,662886848;14,5276381909548;11,2663316582915;32,6130653266332;0,0592170638336518;0,519067466574056;0,940901806633661;0,0439781078354782;0,99569398894972;1,03801154423077;17,4547738693467;0,0528296333186651;13,1557788944724;0,00747975286117242;27,0904522613065;-0,00707790440863419;-2,24137931034483;4,29899497487437;9,6356783919598;2,24137931034483;2,95141721723792e-07;0,000119466637177664;0,00353683476455681;13,1232876712329;13,1232876712329;1;4,05250112905742;7,96391374638489e-05;0,736912020871366;5,16015937942853;5;0,20273177105822;7,00240901665149
RAB09h;0,632924835;15,713567839196;12,748743718593;29,9447236180905;0,0851185357258122;0,489672337471775;0,969359933374289;0,0375741077930733;0,998966752435316;0,928747910594447;29,9070351758794;0,0444716560609447;14,0452261306533;0,00481990256961192;34,2060301507538;-0,00766453322702622;-0,271028037383178;15,8618090452261;4,29899497487437;0,271028037383178;2,424542080733e-07;0,000140716171165429;0,00247937272390918;1;1;1;4,03060902290216;9,30645866964473e-05;0,626893628960946;5,17936615431983;4;0,21338066255084;8,26195372714897
RAB10h;0,654281737;18,678391959799;13,0452261306533;26,6834170854271;0,0987148670284958;0,484498785847097;0,961880101618932;0,0376488599536086;0,995546629592071;0,913635836807667;30,2035175879397;0,0453171551655102;27,9798994974874;0,00440362113624257;38,0603015075377;-0,00806615610671068;-3,53333333333333;2,22361809045226;7,85678391959799;3,53333333333333;4,92712104996682e-07;0,000121978636465923;0,00152092697830148;1;1;1;3,47790157100638;0,000316467988078727;0,514281939453371;5,17747202538465;2;0,21725640302003;10,0673806101139
RAB11h;0,647456918;19,2713567839196;12,4522613065327;26,6834170854271;0,0582065054584039;0,503771404454887;0,948516560759474;0,0417078284332966;0,995342596983592;1,00081426831211;25,4597989949749;0,0498744560433539;22,3467336683417;0,00541233079417519;27,9798994974874;-0,00608491560917386;-0,809523809523809;3,11306532663317;2,52010050251256;0,809523809523809;3,20085900088526e-07;7,75079699063312e-05;0,0013245714856807;28,0176125244618;13,7005870841487;1;3,59475421073693;0,000237055447374306;1,00382873593797;5,17540795132738;7;0,206702970214089;5,15566825897998
RAB12h;0,622537955;18,0854271356784;13,9346733668342;26,3869346733668;0,11945730054516;0,468896147774768;0,963714152100821;0,0349535078246319;0,991583832749109;0,865783799285597;33,1683417085427;0,0506082784948707;25,0150753768844;0,00715247993530077;35,0954773869347;-0,0105779175610787;-0,236363636363637;8,15326633165829;1,92713567839196;0,236363636363637;0,0139179838749273;0,0197745161766814;0,0209179923890749;1,34637964774951;1,34637964774951;1,34637964774951;0,172943499915648;0,666522064449565;0,687244807632063;5,17349741098429;4;0,221197843110719;7,52788140926061
RAB13h;0,61067074;15,713567839196;12,748743718593;29,9447236180905;0,0776318640909606;0,495598481688791;0,973084718503569;0,0377753723966613;0,998858502353171;0,943353307444738;29,6105527638191;0,0437603609977596;27,9798994974874;0,00607575275947798;35,9849246231156;-0,00853995418814541;-3,90909090909091;1,63065326633166;6,37437185929648;3,90909090909091;3,40889677190568e-07;0,000128895746205271;0,00254094749255305;24,9001956947162;1;1;3,86808712220175;0,000127379555457988;0,65737786769982;5,17564492869733;4;0,218496515248842;7,87316577420993
RAB14h;0,661744;16,8994974874372;10,6733668341709;30,8341708542714;0,0769284884280994;0,485040685790612;0,968027243295299;0,0466161928815186;0,99560490306369;0,928346859231359;26,0527638190955;0,0547228826987953;24,1256281407035;0,0065028338661994;35,0954773869347;-0,00964292162073202;-4,69230769230769;1,92713567839196;9,0427135678392;4,69230769230769;4,07446071668371e-07;0,000124013926085862;0,00230040432142006;35,1761252446184;35,0606653620352;1;3,73129208164032;0,000169859122583101;0,695576180563428;5,18679128955446;4;0,207041883721669;7,45682706580474
RAB15h;0,64358294;18,3819095477387;15,713567839196;24,3115577889447;0,0744291200153278;0,494489744537759;0,944401706239126;0,0302950309554507;0,996498533354204;0,97070039852575;23,3844221105528;0,0377663868206818;22,0502512562814;0,0048055846959954;25,9045226130653;-0,00457626030934904;-1,88888888888889;1,33417085427136;2,52010050251256;1,88888888888889;2,2435512496183e-07;6,65589230068114e-05;0,00141998212842307;21,7827788649706;1;1;3,76592982678709;0,000155337788048398;0,787497234590246;5,11414928085429;4;0,212453008540261;6,49418062212664
RAB16h;0,654285547;15,1206030150754;10,6733668341709;32,6130653266332;0,0532457403167908;0,526448617793089;0,970716621032615;0,0447319363979199;0,988360496608699;1,02825775177775;17,751256281407;0,0583804918544294;12,8592964824121;0,00835702951309131;35,9849246231156;-0,00661341074227564;-3,72727272727272;4,89195979899498;18,2336683417085;3,72727272727272;4,30652400918055e-07;0,000146416763326501;0,00349134160799555;13,0078277886497;13,0078277886497;1;3,89093238771609;0,000116515781365193;0,840440399741144;5,14105568446453;6;0,193763577030636;6,11709728143481
RAB17h;0,662039721;19,5678391959799;11,2663316582915;27,572864321608;0,0648143026861571;0,487840352635567;0,969585332872327;0,0444592710909666;0,998989816343917;0,943233806095023;29,9070351758794;0,0473702920647248;17,0100502512563;0,00563078282864192;38,0603015075377;-0,00764356206429003;-0,632183908045977;12,8969849246231;8,15326633165829;0,632183908045977;2,88542913494213e-07;9,48198933214547e-05;0,00156753947621688;37,9471624266145;38,0626223091977;38,0626223091977;3,72778911355201;0,00017924724741613;0,869314099732543;5,17557715556948;5;0,216576278523831;5,95363305065662
RAB18h;0,652341983;16,8994974874372;9,78391959798995;31,7236180904523;0,0536902601270296;0,526749660164395;0,923975995077296;0,0502467866290042;0,995930443023491;1,07756539076683;19,5301507537688;0,0610589698700339;15,8241206030151;0,00838742401729752;27,0904522613065;-0,0132999031077337;-2,04;3,70603015075377;7,56030150753769;2,04;6,0194693573197e-07;0,000179066289932148;0,00284294700587304;27,0939334637965;27,3248532289628;1;3,653573457126;0,000206173291506531;0,923120497771013;5,13707233993794;7;0,189500307257069;5,56489900542998
RAB19h;0,616570171;15,713567839196;12,4522613065327;30,2412060301508;0,0823476989215698;0,499696249201613;0,948423155192525;0,0396670002247797;0,999363609575943;0,969558359565922;21,3090452261307;0,0425180410497344;18,1959798994975;0,00469395860990893;35,9849246231156;-0,00567670673245673;-4,71428571428571;3,11306532663317;14,6758793969849;4,71428571428571;2,43084886808279e-07;0,000107027251704651;0,00237296094206126;1;1;1;3,98766798822303;9,82524272555011e-05;0,638466494695702;5,19282715405975;4;0,21507770470721;8,13328059843562
RAB20h;0,650165805;18,3819095477387;15,1206030150754;24,9045226130653;0,0637185388091421;0,495836062010356;0,962166086669597;0,0329947311882754;0,998961719682941;0,966650731857824;37,9120603015075;0,0385777214706763;28,8693467336683;0,00525343125356792;41,0251256281407;-0,00763068258379604;-0,344262295081967;9,04271356783919;3,11306532663316;0,344262295081967;3,10724524045133e-07;8,60806537107832e-05;0,00144220616844529;39,1017612524462;41,2954990215264;1;3,64245910816691;0,000208483913610739;0,894357886799174;5,14682349860851;6;0,20907485980513;5,75476951070285
RAB21h;0,661080554;18,0854271356784;13,0452261306533;27,2763819095477;0,0605308679167354;0,489830731522323;0,946910443211081;0,0368497285066823;0,996260210183812;0,972425343514977;29,0175879396985;0,0421191648177578;14,0452261306533;0,00565668185469927;34,7989949748744;-0,00751203492972873;-0,386138613861386;14,9723618090452;5,78140703517588;0,386138613861386;1,97360600429547e-07;8,55988877998287e-05;0,0015957578001136;34,3679060665362;34,8297455968689;1;3,89097510596465;0,000120905677698626;0,896286441486787;5,19069702125936;6;0,211435050455167;5,7913372120735
RAB22h;0,607976629;21,0502512562814;9,78391959798995;27,572864321608;0,0712123589124094;0,467044967900256;0,973668535185397;0,0498780869990929;0,989724913162624;0,893967858994153;31,0929648241206;0,0606000258160201;25,0150753768844;0,00752100896460218;35,9849246231156;-0,00987915635467906;-0,804878048780488;6,07788944723618;4,89195979899497;0,804878048780488;5,57598722699836e-07;0,0001525111574707;0,001946163614667;36,0998043052838;36,2152641878669;36,3307240704501;3,54054404365495;0,000282322745215942;0,803996360344912;5,11607265480245;3;0,218665046256823;6,36330325252675
RAB23h;0,687232915;17,7889447236181;18,3819095477387;22,2361809045226;0,0777565183917096;0,502593352079986;0,94665785495337;0,026125276805252;0,99793286382631;0,981230574574699;39,394472361809;0,0330254754559544;33,9095477386935;0,00376003618924825;41,9145728643216;-0,00620875995665809;-0,459459459459461;5,48492462311558;2,52010050251257;0,459459459459461;2,92933049352779e-07;7,17776211824793e-05;0,00172496647303765;41,8727984344423;41,9882583170254;1,46183953033268;3,73357717160688;0,000167249032652467;0,809922453596379;5,17171890769984;6;0,212247503634212;6,38544947696578
RAB24h;0,683217449;27,572864321608;12,748743718593;18,0854271356784;0,0641684639594315;0,492962692796418;0,954637281078688;0,0414389813345103;0,994947339889521;0,967726566516315;36,1331658291457;0,0491686880466139;32,1306532663317;0,00510994696428016;38,0603015075377;-0,00823847522177811;-0,481481481481481;4,00251256281407;1,92713567839196;0,481481481481481;8,60123552709508e-07;8,84799024922081e-05;0,00161725543130433;38,0626223091977;47,0684931506849;52,6105675146771;3,22183316254598;0,000522517011521977;1,20183002154327;5,15630060610219;8;0,219087163648883;4,29037427396013
RAB25h;0,629980683;18,0854271356784;13,6381909547739;26,6834170854271;0,0793885207906544;0,504983028645114;0,947084163261797;0,0363411479002251;0,99853876636323;0,983919078394706;24,570351758794;0,0406187016304722;15,8241206030151;0,00313114375986593;40,7286432160804;-0,0042824931821004;-1,84745762711864;8,74623115577889;16,1582914572864;1,84745762711864;2,58444843736089e-07;6,82109636587064e-05;0,00153847551204877;1;1;1;3,76218238070272;0,000163309530229733;0,745679843284089;5,14287732859751;4;0,203218191570354;6,89689734128723
MNG03h;0,490477779;41,8040201005025;4,74371859296483;11,8592964824121;0,0264854396221434;0,461012922922149;0,971494165823913;0,105437297907191;0,98221743791131;0,923892473165512;46,8065326633166;0,12516517219658;44,286432160804;0,0218486503003674;49,6231155778895;-0,0292749396343209;-1,11764705882353;2,52010050251256;2,81658291457286;1,11764705882353;2,47533915498443e-06;0,000904544562516874;0,0158861824082611;49,6086105675147;49,7240704500979;54,9197651663405;3,79606994911339;0,000147554347081121;2,62691635430694;5,16668719637177;20;0,226061221866179;1,96682592801281
MNG04h;0,609866798;28,1658291457286;8,89447236180905;21,3467336683417;0,0565512101638647;0,476229613200971;0,96505900329675;0,0559495503970011;0,993750162032042;0,932311770039543;36,1331658291457;0,0636034532029453;31,2412060301508;0,00711714032507458;42,8040201005025;-0,0076979602603874;-1,36363636363636;4,89195979899498;6,67085427135678;1,36363636363636;3,02367010179682e-07;0,000159388762349461;0,00195038436415262;31,1350293542074;41,5264187866928;42,2191780821918;3,81631549402712;0,000154907651017871;1,40914419572005;5,18825939382787;11;0,218392021992896;3,68185130349755
MON02h;0,624997419;9,78391959798995;19,2713567839196;29,3517587939699;0,194133573640206;0,497286026821663;0,923652360417745;0,0292207970408084;0,985217898133153;0,889769698597552;1,14824120603015;0,0772936213005438;19,9748743718593;0,00512096896977364;3,07537688442211;-0,0285055361278254;0,102362204724409;-18,8266331658291;1,92713567839196;-0,102362204724409;4,61083013855187e-05;0,000366008978687799;0,00204302050624295;1;1;1;1,58581245527428;0,0222677320363891;0,210520823724143;2,45242746893633;1;0,217164881559502;11,6493343772485
MON03h;0,462820502;1,77889447236181;10,3768844221106;46,251256281407;0,578966992829892;0,618220654108574;0,967569768358132;0,0265029047172926;0,949903469426492;0,799490409311276;1,14824120603015;0,150497507629165;9,00502512562814;0,00344662431197499;3,96482412060302;-0,0391734363709814;0,358490566037736;-7,85678391959799;2,81658291457287;-0,358490566037736;0,0138647870020451;0,0163089582263777;0,0188252508856934;1,34637964774951;1,34637964774951;1,34637964774951;0,12577164869506;0,731712992465699;0,101982435465481;1,11884194799704;1;0,166950278646459;10,9709279141088
MON05h;0,499489086;4,44723618090452;10,0804020100502;43,8793969849246;0,176578372329238;0,496306765774218;0,969567945245542;0,0464912209854633;0,996138795529322;0,86604434034983;13,8969849246231;0,0550850282552787;5,15075376884422;0,00731682876878769;2,18592964824121;-0,00973203773826886;1,33898305084746;8,74623115577889;-11,7110552763819;-1,33898305084746;1,66249799954976e-05;0,00115460209637976;0,0110483571312899;1;1;1;2,871449661055;0,00142901697981454;0,122518852478071;0,810667278521841;1;0,215980747429997;6,61667377815948
MON09h;0,465363709;0,889447236180905;9,19095477386935;48,3266331658292;-0,0883745512840576;0,621315392094935;0,980682122502428;0,0325265187539346;0,920586029922389;1,39260365402163;1,14824120603015;0,152502682151347;11,9698492462312;0,00804496101581029;2,77889447236181;-0,0410745253233642;0,150684931506849;-10,821608040201;1,63065326633166;-0,150684931506849;0,0023821308576351;0,00752997620686219;0,0147789711082431;1,34637964774951;1,34637964774951;1,34637964774951;0,791216476688658;0,156654939935493;0,0817346947138309;0,516117171377637;1;0,168544876292605;6,31454210705336
MON10h;0,518200907;2,66834170854271;19,8643216080402;35,8743718592965;0,173005456635803;0,456323010022111;0,96232284170669;0,0218342263384957;0,974336571588895;0,803860893255833;1,14824120603015;0,0602520760895593;19,9748743718593;0,00638780275631577;3,37185929648241;-0,0127606132394366;0,118110236220472;-18,8266331658291;2,22361809045226;-0,118110236220472;2,18243731011879e-05;0,000710478450925309;0,00324917258943874;1;1;1;2,1635691708163;0,00645359967259014;0,141527171170752;0,731149510750151;1;0,226345214968466;5,16614233649893
MON11h;0,480760245;4,74371859296482;7,41206030150754;46,251256281407;0,225027209220929;0,509466273342082;0,982063254649655;0,0644515696444986;0,999341990254031;0,844122770564284;6,78140703517588;0,0674605773624007;4,26130653266332;0,0127991657863571;18,7889447236181;-0,00754923652419624;-4,76470588235294;2,52010050251256;12,0075376884422;4,76470588235294;0,00532986948984504;0,00775138805565741;0,0206483403037505;1,34637964774951;1,34637964774951;2,38551859099804;0,551886050483835;0,250057697568197;0,129535318023556;1,16624673775154;1;0,213897294371148;9,00331087726559
MON13h;0,598951038;5,33668341708543;22,5326633165829;30,5376884422111;0,198763231233318;0,459986296712253;0,943476076788257;0,0234425372495058;0,984731969342941;0,805411429079561;1,14824120603015;0,0540475935723347;12,8592964824121;0,00584267895446134;3,07537688442211;-0,0147554997638475;0,164556962025316;-11,7110552763819;1,92713567839196;-0,164556962025316;1,98668877640852e-05;0,000325171827610017;0,00183469652925903;1;1;1;1,92669054947076;0,0104604686839247;0,167338195274779;0,760236532775654;1;0,229351301709282;4,54311420968357
MON14h;0,435488473;6,81909547738694;14,8241206030151;36,7638190954774;0,113137164889019;0,481778575876106;0,964894018395275;0,0289257000209628;0,980202609287857;0,893811947829441;21,605527638191;0,0454840748666498;4,26130653266332;0,00619620210080071;25,0150753768844;-0,00668634561600047;-0,196581196581197;17,3442211055276;3,40954773869347;0,196581196581197;3,361466217133e-06;0,00100182809284127;0,00657374461092238;1;1;1;3,35997498621472;0,00048988598952983;0,234614497896781;3,79434230215827;1;0,216641949724694;16,1726676576807
MON21Ah;0,532292938;9,48743718592965;8,59798994974874;40,321608040201;0,106074848743381;0,465303305846839;0,983772375626721;0,0512140674911289;0,983573872001788;0,853887215459524;19,2336683417085;0,083044491881401;9,00502512562814;0,0153638461773062;21,7537688442211;-0,0218015142119742;-0,246376811594203;10,2286432160804;2,52010050251256;0,246376811594203;2,35895208879276e-06;0,00055984790530208;0,00923596920319214;1;1;1;3,57719282490665;0,000241814405670641;0,202759178117408;1,45994293377492;1;0,225424704354406;7,20037902762429
MON22h;0,684806432;12,748743718593;11,5628140703518;34,0954773869347;0,148384386243708;0,47699354483173;0,975219672130638;0,0438249493173826;0,996244381123016;0,84904204693218;24,2738693467337;0,0480178014946951;15,8241206030151;0,00818723958311773;34,2060301507538;-0,00667992140845093;-1,17543859649123;8,44974874371859;9,9321608040201;1,17543859649123;3,32540614611741e-07;0,000164082640110108;0,00286333246863386;1;1;1;3,96017035520541;0,00011069024155359;0,199576538301972;0,732768454820562;1;0,227678543321017;3,67161621829434
MON23h;0,474367745;11,5628140703518;16,0100502512563;30,8341708542714;0,0777460843420584;0,465314907992151;0,966086475260779;0,0296614519327388;0,988062624885737;0,891550859783865;28,1281407035176;0,043547598749193;6,92964824120603;0,0106297878581284;33,9095477386935;-0,00675205398648534;-0,272727272727273;21,1984924623116;5,78140703517588;0,272727272727273;3,68252806030744e-07;0,000282898507793999;0,00413130086643544;7,00391389432485;1;1;4,10375232950587;8,48863245266112e-05;0,591345198110942;5,18700846668581;4;0,223106611407988;8,77154068935668
MAB01h;0,657307516290441;19,5678391959799;11,8592964824121;26,9798994974874;0,0435498208739658;0,488109472103333;0,981585372923221;0,0414180535900357;0,99758504368963;0,952283123351437;33,464824120603;0,0624217107998525;17,0100502512563;0,0100660719570617;35,9849246231156;-0,0140350156442509;-0,153153153153153;16,4547738693467;2,52010050251256;0,153153153153153;8,26308868761933e-07;0,000207335798354833;0,00193869111203949;32,0587084148728;36,0998043052838;36,5616438356164;3,36562706824618;0,000418579304343882;1,17645675240729;5,15190906429318;10;0,220603323712677;4,37917420572516
MAB02h;0,646517888063983;24,608040201005;10,0804020100503;23,7185929648241;0,0451079510227434;0,486740466075997;0,96363251737238;0,0479461444649118;0,998187199468431;0,965045978279006;33,7613065326633;0,053585607404407;22,0502512562814;0,00719701281333452;39,2462311557789;-0,0083902897763208;-0,468354430379747;11,7110552763819;5,48492462311558;0,468354430379747;2,55273255850698e-07;0,000116569942866768;0,00146209195571062;39,2172211350294;39,4481409001957;39,7945205479452;3,76040651533435;0,000174596508948833;1,31127602684355;5,19657797797719;9;0,215400190294119;3,96299320020833
MAB03h;0,683230884667997;27,2763819095477;6,81909547738693;24,3115577889447;0,0474650482797378;0,503398395151661;0,969933947546413;0,0713994633395117;0,9999233776141;0,98957910754156;32,8718592964824;0,0728667511556729;27,0904522613065;0,0129851533777315;38,0603015075377;-0,0144609911209291;-0,897435897435897;5,78140703517588;5,18844221105528;0,897435897435897;6,07112059069453e-07;0,000293915269241793;0,00305059357919593;38,0626223091977;37,9471624266145;38,0626223091977;3,71241730224029;0,000198989239120306;1,28625248675048;5,16652875706544;8;0,207326830090413;4,01672984914328
MAB04h;0,661126435315321;28,4623115577889;10,3768844221106;19,5678391959799;0,0289074862568194;0,518021150273827;0,923114203893343;0,0491954399979817;0,993008414894126;1,08825493291465;32,8718592964824;0,0574078711148584;27,9798994974874;0,00969678582976977;35,9849246231156;-0,00575404096040067;-0,636363636363636;4,89195979899498;3,11306532663316;0,636363636363636;0,00707983860875268;0,010398934277973;0,0126524478936151;1,34637964774951;1,34637964774951;1,34637964774951;0,242198128225643;0,560543057677554;1,39077199637765;5,16728847529075;9;0,203372410860111;3,71541021012018
MAB05h;0,649605564556765;26,6834170854271;12,748743718593;18,9748743718593;0,0616230897033165;0,537411591527077;0,934982035781216;0,0369827534074903;0,977370888802109;1,07848450260738;29,9070351758794;0,0580299372591871;27,3869346733668;0,00904239771175338;31,8341708542714;-0,00915089009675364;-0,764705882352942;2,52010050251256;1,92713567839196;0,764705882352942;3,22601452633756e-07;0,00012288546240459;0,00175699470437999;31,5968688845401;26,9784735812133;54,8043052837573;3,72364935951825;0,0001806610784933;1,09182079261566;5,1943011747953;7;0,200768795570328;4,75746680217675
MAB06h;0,682543109570666;23,7185929648241;9,19095477386935;25,4974874371859;0,0468626996760017;0,509098067531488;0,963410152287425;0,0555507770064861;0,99837971856378;1,00784271603869;28,1281407035176;0,0605321922083167;25,0150753768844;0,00775372709945882;40,1356783919598;-0,0116944978099978;-3,85714285714286;3,11306532663316;12,0075376884422;3,85714285714286;4,91666572798047e-07;0,000160887858198613;0,00170392417282881;39,2172211350294;40,2563600782779;40,1409001956947;3,53535329676817;0,000287870660361372;1,32855147138648;5,19680114842559;11;0,211637895787107;3,91162951556719
MAB07h;0,667534277004699;19,8643216080402;10,0804020100502;28,4623115577889;0,0644484703989987;0,529292301067642;0,968842944577983;0,0514780581953325;0,983284753337944;1,02447827088437;24,2738693467337;0,0651023854212258;21,1608040201005;0,0100027012065502;37,7638190954774;-0,00969404392969343;-4,33333333333333;3,11306532663317;13,4899497487437;4,33333333333333;4,46874631193013e-07;0,00019322625059557;0,00190345184269091;21,0900195694716;20,9745596868885;20,0508806262231;3,64158490433891;0,000229924665943517;0,895039588108538;5,12171472116295;5;0,191479016106925;5,72233316739265
MAB08h;0,660795804243906;23,1256281407035;7,70854271356784;27,572864321608;0,0337351700478436;0,463411795817134;0,974995642315253;0,0634957022289092;0,981630781705424;0,918801706337343;30,2035175879397;0,0800752842972813;27,9798994974874;0,0153629201736644;35,0954773869347;-0,0122712261281659;-2,2;2,22361809045226;4,89195979899498;2,2;1,72582731853164e-06;0,000299125551285613;0,00277592191164347;28,133072407045;35,1761252446184;35,4070450097847;3,214145900516;0,000621225208303738;1,45645748823823;5,18988000583387;12;0,219845201655522;3,56335838687038
MAB09h;0,685897982625683;31,7236180904523;8,59798994974874;18,0854271356784;0,0345110712308404;0,52079332694413;0,944376289185605;0,0544973272630735;0,992700256101255;1,06405159164088;34,6507537688442;0,067632714218401;30,9447236180905;0,0124988900474053;45,7688442211055;-0,00970876112816452;-2,99999999999999;3,70603015075378;11,1180904522613;2,99999999999999;7,37021049024998e-07;0,000195801447403344;0,00246694354065573;30,9041095890411;31,0195694716243;30,6731898238748;3,51679219208297;0,000291672957015839;1,91894908224824;5,13651232271702;17;0,20939489272409;2,67673195200108
MAB10h;0,637086865101619;25,7939698492462;9,19095477386935;23,4221105527638;0,0269865400229898;0,559906128596176;0,951213097421711;0,0512726413047751;0,958856159841047;1,14476862833192;27,8316582914573;0,0882924117938519;25,9045226130653;0,0188398008856946;29,1658291457286;-0,0153787459822286;-0,692307692307691;1,92713567839196;1,33417085427136;0,692307692307691;1,23499564165068e-06;0,000367440543843565;0,00264247207974451;29,0567514677104;25,1311154598826;24,2074363992172;3,34392190607485;0,000466213710565418;1,70939817512975;5,17469209201274;16;0,175956355718146;3,02720113271442
MAB11h;0,702635481157098;35,8743718592965;16,8994974874372;5,63316582914573;0,0718046136334895;0,453937923206978;0,857254338345214;0,0292195384958756;0,968030001192789;0,977199395668455;49,7713567839196;0,044035745360051;46,0653266331658;0,005880232303562;57,9246231155779;-0,0080144249258762;-2,2;3,70603015075377;8,15326633165829;2,2;1,96637651946832e-06;0,000928817309742663;0,0074690841805586;60;60;60;3,61073671936913;0,00025281806900596;1,35155563655378;5,16646575854546;6;0,232752057869773;3,82260679384165
MAB12h;0,673969259116932;12,4522613065327;10,0804020100502;35,8743718592965;0,0468439666685014;0,5223907644225;0,975388907109006;0,0466389369408608;0,991553879229447;1,02205823706703;13,8969849246231;0,068857675041527;11,0804020100503;0,0136286260792571;16,1206030150754;-0,00945603224010867;-0,789473684210526;2,81658291457286;2,22361809045226;0,789473684210526;5,46952843089374e-07;0,000244697141643208;0,00632253391997083;11,853228962818;10,9295499021526;1;4,04156118281993;8,13933410374579e-05;0,724434431806736;5,19415230650798;5;0,197414522708006;7,16994123754415
LOP07h;0,456916844;29,9447236180905;5,63316582914573;22,8291457286432;0,0278966096779189;0,503497110932711;0,976011060977585;0,0818998056700462;0,999709058125611;1,00307453693217;34,0577889447236;0,0838665530911902;28,8693467336683;0,0157826380167703;40,1356783919598;-0,0165171306125296;-1,17142857142857;5,18844221105528;6,07788944723618;1,17142857142857;1,02045738489306e-06;0,000434560168812354;0,00435364610687875;40,3718199608611;40,3718199608611;40,3718199608611;3,64494832344473;0,000234382449220448;1,92969927545877;5,194623713446;17;0,214295295114173;2,69193432339919
LOP08h;0,569507684;28,7587939698493;2,96482412060302;26,6834170854271;0,015735758833095;0,48305855816154;0,98948111968478;0,153785358772418;0,999091891667693;0,961103157905142;31,9824120603015;0,15748637695733;28,8693467336683;0,0368269707171367;34,2060301507538;-0,043149005607733;-0,714285714285714;3,11306532663317;2,22361809045226;0,714285714285714;4,69247310320959e-06;0,00180013051452359;0,0107886753439302;34,1369863013699;34,5988258317025;35,1761252446184;3,38914501203961;0,000434943147173517;2,18597637901123;5,19265999485231;23;0,2243708240021;2,37544195111618
LOP09h;0,495564917;36,1708542713568;6,52261306532663;15,713567839196;0,0345701641702732;0,472069669808317;0,969023162236001;0,0757313103295028;0,986106565233489;0,9407588858701;42,0628140703518;0,090089101489466;40,1356783919598;0,0136518984177739;47,8442211055276;-0,0155940644153987;-2,99999999999999;1,92713567839196;5,78140703517587;2,99999999999999;9,95666293480942e-07;0,000385129036641987;0,0053968156081651;40,8336594911937;47,761252446184;47,761252446184;3,73623607731645;0,000177554534894884;2,29846482917948;5,19464246508321;18;0,213613948161457;2,26004870691783
LOP10h;0,643684049;26,6834170854271;10,3768844221106;21,3467336683417;0,0657562310481451;0,510909152696383;0,969078342290221;0,0479203649377227;0,993940943217175;0,987421885312924;30,7964824120603;0,0579040367616125;28,8693467336683;0,0102529607820574;43,1005025125628;-0,0133023716090074;-6,3846153846154;1,92713567839196;12,3040201005025;6,3846153846154;1,06336022118695e-06;0,000185159579622829;0,00161727442028126;1;43,3737769080235;43,4892367906067;3,17850905663323;0,000658085062354981;0,78140477990258;5,0736638182868;1;0,210651471962969;6,49300330479083
LOP11h;0,67800523;24,3115577889447;9,19095477386935;24,9045226130653;0,0655279606799202;0,505742196628391;0,967305899920953;0,0536131250606104;0,999848639512131;0,979329233714637;30,7964824120603;0,0555800815851063;21,1608040201005;0,00595019386980157;41,6180904522613;-0,00833588445115865;-1,12307692307692;9,6356783919598;10,821608040201;1,12307692307692;7,26019111589749e-07;0,000146605433372024;0,00168764759369579;1;41,5264187866928;41,1800391389432;3,36628674363024;0,000430139676628859;0,762255964606768;5,04076861266404;1;0,211241229814416;6,61296053651015
LOP12h;0,62854915;19,5678391959799;13,6381909547739;25,2010050251256;0,0640497900500004;0,50368251619641;0,965732823235574;0,03481371139058;0,998722066647505;0,978230763849052;36,1331658291457;0,0409755136133959;20,2713567839196;0,00396282653145575;39,2462311557789;-0,00716710858712711;-0,19626168224299;15,8618090452261;3,11306532663316;0,19626168224299;2,56097962236347e-07;8,21218573443075e-05;0,00134704275759844;39,7945205479452;39,5636007827789;1;3,70412799346945;0,000185040815362845;0,981327047057705;5,17549251266643;7;0,210900475620661;5,27397316540292
LPG01h;0,64020925;28,1658291457286;8,59798994974874;21,643216080402;0,0623629302411213;0,489177963519071;0,97218025096545;0,056985201179737;0,998304610969924;0,945688826538009;37,0226130653266;0,0650914313875378;28,8693467336683;0,00946512463517758;43,9899497487437;-0,0118626197690906;-0,854545454545454;8,15326633165829;6,96733668341708;0,854545454545454;8,55932446245301e-07;0,000192957738622163;0,00214398381455667;44,1819960861057;44,2974559686888;44,0665362035225;3,39353435509141;0,000399245988754802;1,26152620258428;5,19617344085574;9;0,208580811685637;4,11895799723478
LPG02h;0,68771816;29,9447236180905;7,41206030150754;21,0502512562814;0,0447511088370321;0,511716320262498;0,968953211445532;0,0694072250804527;0,996284726103053;1,0095968025861;34,0577889447236;0,0769329569670058;32,1306532663317;0,0121764753801387;43,9899497487437;-0,0100300048927308;-5,15384615384616;1,92713567839196;9,9321608040201;5,15384615384616;6,96094863241413e-07;0,000240211655127582;0,00265082329957861;1;31,8277886497065;43,4892367906067;3,58622407360917;0,000262077317533158;1,49674098493337;5,19150056469583;6;0,202619322989511;3,46853638468845
