plot_ref,NSCA1,NSCA2,NSCA3,NSCA4,NSCA_DBH1,NSCA_DBH2,NSCA_DBH3,NSCA_DBH4,CA1,CA2,CA3,CA4,NSCA_Genus1,NSCA_Genus2,NSCA_Genus3,NSCA_Genus4,NSCA_Genus_DBH1,NSCA_Genus_DBH2,NSCA_Genus_DBH3,NSCA_Genus_DBH4,simpson_diversity,species_richness,shannon_diversity,pielou_evenness,hill_diversity,PC1,PC2,PC3,PC4,PC5,WD_mean,WD_BA,prop_g_helio,prop_g_npld,prop_g_shade,prop_ind_helio,prop_ind_npld,prop_ind_shade
123,2.0534570402194916,-1.1584717433655858,-3.2688692731535585,0.5059745416033712,1.3050561581063955,-1.8261469792248266,-3.4150750442501083,-0.3397883957699983,-0.15269022116583555,0.6431467993043379,-0.11671074822788612,-0.020266682908092144,1.567625820580581,-0.3482889956478862,0.5848414310875988,-0.6232530677258635,0.8862748338449966,-1.5491176029424203,-0.2566683004494534,1.2949097778496084,0.9165525383707201,38,2.8974566911451487,0.7965328005764931,18.12798163379829,0.5509024258590258,-0.31508676276404013,0.21285941177402026,-0.76392993150351,0.07915696161857973,0.711641590236333,0.74903564436882,4.17922468616042,36.5936750260878,59.2271002877518,7.94520547945206,22.1917808219178,69.8630136986301
148,1.6493101457202106,-1.0015482326013554,-3.087574207796105,0.1569359322889738,1.627733643541935,-1.8524865505604011,-4.499319780536527,-0.4002689227331876,-0.20302692144561202,0.5882945525608727,-0.15723879802104845,0.03550413558948359,0.9435440543407352,-0.43828589034958426,0.6697837906243486,-1.6537802763849307,1.0286753418553642,-0.9294129489453353,-2.8944993446597698,0.34940149745758825,0.9340374225450994,37,3.0637679841496492,0.8484734514239054,21.4080706508802,-0.2624617023695465,-1.7691809603320974,-0.475002100821107,0.842008166454365,1.108918671394122,0.695009329989596,0.690298572170951,5.10495216309423,40.9384439789642,53.9566038579416,7.09677419354839,28.3870967741936,64.5161290322581
162,2.1658104945436842,-1.04509943849475,-3.91694540789891,0.6751252849919236,1.9846002203517124,-2.5292473333685948,-6.250100590629635,-0.34499058909251673,-0.15513612805518873,0.5839726063754217,-0.2910981576568029,0.0030546521545019244,1.2618292707227154,-0.21233872102170703,0.5816520982464232,-2.3775616840990286,1.2271267578485123,-1.4238934839225048,-3.637280230680992,0.8648821775129595,0.9278905756110377,45,3.0812138317716666,0.8094265882651382,21.78482947209369,1.60694482243876,0.4096157354744132,-0.07213155235666424,0.2158227642270322,-0.232914304181598,0.673188310413096,0.67639888660562,6.08360364517652,59.4069972558612,34.5093990989623,8.28220858895706,23.0061349693252,68.7116564417178
166,1.9706649855995966,-1.0225635650481422,-3.542858483537436,0.6432045104649857,1.3626652873937681,-1.4924926076545806,-2.896340560272854,-0.28445107224262967,-0.15002086134061907,0.6464939512746952,-0.3208426617739801,0.03146139760110364,1.135442125361878,0.21478992924071044,0.32744206909871093,-2.226654894756388,0.8626513145955589,-0.9536611612866452,-1.9810069827175998,0.23391444368135342,0.9234775510204082,43,3.0370992422912084,0.8074814284990974,20.844690057133135,1.4550118959985214,0.8234484169834537,0.8302624107434632,-0.5329505735510138,0.1598940809553716,0.649684665998923,0.631734285939406,6.31935357088283,70.2338004747143,23.4468459544029,12.0521172638437,37.785016286645,50.1628664495114
180,1.4020387346175651,-0.6480899111914649,-1.410856331008235,0.12677302717552358,0.7699966269204579,-1.0528613908133722,-0.6593327964887874,0.040001449503699486,-0.1408483198705091,0.534447593377066,-0.30988691165126253,-0.005163947773406837,1.0583384252027455,0.04040824100608377,0.16927009783539848,-0.7505719485055147,0.4532144129539802,-0.7621537558412866,-0.500294773355332,0.05924941211628822,0.9630223076786127,59,3.5938254128648306,0.8813715293371875,36.37295168587272,1.2717361322438279,-0.6039807324018497,-0.04937177525892446,0.4476924471412342,0.5926591876101329,0.641690554567454,0.631656607537616,11.4305326111561,18.0304736142975,70.5389937745464,6.87830687830688,18.2539682539683,74.8677248677249
184,1.6658129388167096,-0.8397756930253201,-2.397455573696368,0.3862977431075537,1.5069176753017473,-1.980598668734109,-3.9505302686975394,-0.32031267447545303,-0.13014593228128093,0.6375588856478925,-0.27426464549240387,-0.021369045814355832,1.1044524030097334,-0.16910151820906585,0.3625679113530656,-1.558559791875831,0.9336845548093077,-1.222490172433883,-2.5398320083842147,0.45466225150699596,0.9426210153482881,41,3.1635008293447306,0.8518754375897301,23.653257169995022,2.0805317490807487,1.0328456904816516,0.5882039454842461,0.04137435495516928,0.21757087054179686,0.67379060339251,0.687912246838358,6.65235741791403,52.4020501266875,40.9455924553984,6.74486803519062,23.7536656891496,69.5014662756598
189,1.537916849725276,-0.9272786362791415,-2.1205800656400933,0.1919849680672897,1.2797390506431001,-1.3571413597564939,-2.5642683911701125,-0.09408476478770468,-0.10303581376180714,0.5388334005615131,-0.2406461187051932,-0.013561240631309916,1.0071065688909406,-0.3537136279509163,0.32145638169877083,-1.5332206084303457,0.8917385309825658,-0.9488800909166841,-2.2601060101727044,0.3712173341535093,0.9563506190419683,46,3.39730043249268,0.8873383742880805,29.883319022496732,1.6430339366210465,-1.5389199279026355,-1.4972885581695006,1.3630326450653003,0.9414822367391064,0.671962384457375,0.700126455914726,5.04011141385232,51.9136329661374,43.0462556200103,11.1111111111111,26.4705882352941,62.4183006535948
199,1.989971124914189,-1.0912162253527662,-3.058235856936694,0.46424708703636153,1.6979596919967563,-2.3945905311205142,-4.969368736541028,-0.2529450244165707,-0.1814612490912242,0.6002147119432488,-0.3274146001097158,-0.010857982065379149,1.2352299511779965,-0.610328501481719,0.2795791032507768,-1.4032697306275288,1.0531286102718092,-1.3696483263941281,-2.7581095020420276,0.7536981525567163,0.9343803364967386,49,3.1727574376720185,0.815237393980474,23.873222603575478,1.9919283855753598,0.5674990727301686,0.004641982844088177,-0.141058790462743,-0.06237640818621151,0.691354737411217,0.73090606449878,3.57860349892662,42.1205317122439,54.3008647888294,5.11363636363636,17.0454545454545,77.8409090909091
41,2.0023417269833046,-1.1471628534295142,-2.5952063313122586,0.4440108562968153,1.5242245962935947,-2.1903924586471493,-3.9727062656886805,-0.19631960383067124,-0.21928941084277684,0.5768014130702286,-0.2734590953383942,-0.02106910083583816,1.2010776610394343,-0.6306478629973659,0.16136624299358915,-1.2576979607495844,0.9409664260397513,-1.2428422528696517,-2.3641632022045203,0.46753829437459543,0.9334285050868155,43,3.1409539515380644,0.835093548581069,23.12591734392223,1.4171653312496437,-0.2312194662762901,0.26798605799680913,0.736072688490375,0.9853801853285378,0.685896440530775,0.698174916972418,12.923905899202,22.3906945054655,64.6853995953326,9.78593272171254,9.1743119266055,81.0397553516819
53,1.4172070672942214,-0.9771255771023378,-2.50310580955833,0.05945897530002999,1.1760618913230538,-0.6174924922140134,-2.1093705255335387,-0.016321948280239033,-0.1543373211562226,0.6105189439459661,-0.33034095301442107,-0.005711503078440388,1.0555533157638017,-0.8221214030023957,0.39893920123254967,-0.7265943749356187,0.7365707708614635,-0.42047188442932415,-0.7951572822509775,0.4916131302919248,0.9399745508433306,41,3.1637923818901186,0.8519539475903847,23.660154342724926,-0.18323731359330198,0.1282033547817527,0.5015658893325124,0.7777644663329195,0.09833320114403608,0.715512982152334,0.712967096210527,8.49382211905145,20.2006392107181,71.3055386702304,7.83847980997625,8.07600950118765,84.0855106888361
Betamba_1,-7.968944615053525,0.9098485913834686,-0.11209773348532186,6.031259851295027,1.192521754163589,4.101189624628969,0.11101879955491258,0.0018165739386569093,1.2811734428107062,-1.1983010182766507,0.49530834170425064,0.7512283043954849,-5.658948697317974,0.049306845207182995,-4.989134726698789,-0.20321834407912848,1.0448817970359023,3.4345273713669697,-0.41719438656330593,-0.15921361841037468,0.8529559304399524,63,2.661906241322282,0.6424860442905924,14.323567266838277,-0.01833532853982956,-0.45325197239063636,0.3064275901398291,-0.2305352075931805,0.14464703904310527,0.431986184452857,0.482952918220068,56.989957687883,25.4653426759621,17.5446996361549,79.4520547945206,6.84931506849315,13.6986301369863
Betamba_2,-9.446052771735367,1.1627610715513215,-0.5629276242439335,9.234126749685258,1.3341063509026936,3.6729847504888733,-0.6056966107277164,-0.09443934297845272,1.3941173114582548,-1.2698286284865006,0.5347976219184984,0.8030497618367332,-6.7486032902057795,0.09141664167870604,-7.442387416505085,-0.6573653614992114,1.2313838976780087,3.9498278940506752,-0.8056926961090413,-0.17142954380957195,0.7581152876099457,56,2.2301733976396405,0.554031937823635,9.301478794127156,-1.4145858072526354,-1.1344403589023242,0.14836093474703357,0.8121113769380377,0.5617089065170003,0.424528609492443,0.466485920244863,71.6403823957078,21.130688826075,7.22892877821729,85.7385398981324,6.7911714770798,7.47028862478778
Betamba_3,-4.094528967041153,0.5756501886717353,0.0849270784545761,1.0472811014980221,1.1203841116490647,3.652996757259579,0.3004041260715886,-0.009342501786308839,1.0669325408935497,-0.8586189265809215,0.3551016723864527,0.44765701451690443,-2.997666495137287,0.12271093551067912,-0.9125381953409342,-0.10100913033540473,0.9423927982571573,2.9894120837725873,0.014171298747871264,-0.2631208604588942,0.9507603124548445,77,3.548397203254406,0.8168867752230384,34.757563508713325,1.5659331249138457,-0.7589012844000096,-0.43886474347161264,-0.2505863766232689,0.5823615434606967,0.459189546294358,0.467313882724366,59.2422807891143,20.8660541043471,19.8916651065386,58.3596214511041,16.7192429022082,24.9211356466877
Betamba_4,-6.897527049301239,1.1794373129106486,-0.7608511016128187,0.4849078672090394,1.5913828851380822,10.162073283712648,-0.8315893954007747,0.06742529121854282,1.3201003149223562,-1.1373827425865999,0.44605899546736566,0.754526360255852,-5.0295230189028555,0.2890085527579817,-0.7773120682227133,-0.031769314732636666,1.38941513077453,7.194998412382647,0.056364229654657046,0.12255474977942836,0.9108475684826101,59,3.02722878769158,0.7424159383787072,20.639955563742255,-2.149262301607774,0.22508884883441743,0.1665154912748344,-0.41641519149994727,-0.7450480618665806,0.417842593797534,0.388442956479716,77.63430647319421,10.1202110848414,12.2454824419644,72.59615384615388,13.4615384615385,13.9423076923077
GIL1,0.8509170914817363,-0.6161368157408683,1.1789694773936115,-0.6984597713816116,-19.90050294924481,0.4448824636656637,-0.9523795525891999,0.6635853877092045,0.25787374815623915,0.4784901946461544,-0.5180830851395012,-0.424351414030104,0.9972713883767202,-0.5078960778642784,0.10287869047223902,0.3499153510763953,-13.287048914449231,0.887719318194787,-0.6110209176413735,0.5393260144177041,0.9076805325031605,47,2.962601375504249,0.7694773504757059,19.34823837934435,1.3933806002988878,0.7656671669616737,0.2761088677422659,-1.3846199856513814,-0.45973852059997494,0.675900197374317,0.670021289085385,4.14034045757843,3.03437993387475,92.8252796085468,8.28402366863905,6.21301775147929,85.5029585798817
GIL2,0.8872992611121792,-0.6378899484156544,1.4183896636389235,-0.7512041775929446,-16.23832569328032,0.28708860040283907,-0.6355995231199751,0.5221397517248864,0.27036837351725995,0.45986941758144684,-0.5189662453528535,-0.41812375259887247,0.9195502172792842,-0.4376355964511223,-0.03413342450929929,0.5434713056952546,-10.820807087809749,0.5964014990270804,-0.14561035907910885,0.5179681924030698,0.8831919672347734,49,2.804597246894083,0.7206389380968179,16.520420915158855,0.7868837778343779,0.25809581363339945,0.2613038139873555,-1.1237297917766031,-0.24863192884321952,0.679711679369825,0.675164591028605,7.45068633807007,7.91580839892068,84.6335052630093,14.6919431279621,9.00473933649289,76.303317535545
GIL3,0.46681508279427203,-0.5437604669891763,1.1651308698624978,-0.9092790087816488,-14.991455806789741,0.4712293998269207,-0.6117741429629716,0.5134338998327336,0.310997745284901,0.39342713795131773,-0.4428981666553894,-0.3647779899253474,0.488654535343305,-0.38460850293942267,-0.009486332643190232,0.4033612895291841,-10.02476177661681,0.7311831867889897,-0.3147998285114509,0.3834916239832967,0.9061651199637846,68,3.089640969952417,0.7322278298395635,21.969188960693522,1.1363441905583476,0.006268173488360895,0.06899384786348622,-1.2469751396054034,-0.24089536054812583,0.653733974085753,0.673235427502365,12.506417563066,9.50562594041764,77.9879564965164,26.8011527377522,10.9510086455331,62.2478386167147
JEU-L6B,0.8066973269027573,-0.6465282682069061,0.13945180728898254,-0.2727664237613894,0.6239663331785208,-0.7756520695779789,0.01565619589514632,0.15355031040695333,0.22120090565864178,0.2815107842926397,-0.20313089338042253,-0.23615135325362951,0.8539138112397233,-0.401539914532492,0.15888774715336537,-0.3690007245610022,0.3598825678448469,-0.6905158502588584,0.07598594674996728,0.004963161200459877,0.9592752839372634,83,3.7688871862038003,0.8529131328145169,43.331817751211865,1.4561922964939236,0.22891454557915858,0.2448311670257903,-0.45247443241661955,0.18211299200007888,0.634757315584483,0.644903399399444,7.21575646626561,25.9071657831103,66.8770777506241,8.41121495327103,13.5514018691589,78.0373831775701
JEU2,-9.658472244245516,1.1700460603139007,-2.715649821594587,-7.5834825656959906,2.2270984933045006,18.25307820240851,-2.4360030555715286,0.09321207367676546,1.7800756095732888,-1.6996638027859157,0.700087818569347,1.2412746384763886,-9.775042667620403,0.13514749756567637,5.164736610344144,0.4436368515344008,2.0966936935880685,13.267740395285227,0.25832179913376874,0.7974970537452937,0.7799148186518124,25,1.9077625470981108,0.5926797586782415,6.73799597144365,-2.4712208148853207,0.5790358244339899,0.04481565134351223,-0.6315285408266218,-1.0047272508745457,0.302673266932329,0.2818604059494,97.6346271923248,1.83132709092735,0.534045716747891,94.4,3.73333333333333,1.86666666666667
JEU3,-6.924292981069223,0.7891087987377275,-1.822957862383989,-5.952694716114938,1.3790923907289998,7.68859660849792,-0.4782361885935837,0.007665698318344924,2.03185780141915,-2.0514094537490233,0.8582261928369419,1.560078149174621,-9.264012387994946,0.10884033235876689,6.123265057033729,0.4978066679832469,1.8267608323261944,11.050943879127276,0.2468877763279747,0.5952702389793082,0.7131918367346939,26,1.8409853082344707,0.5650493429984217,6.302745349469413,-3.2223915622639336,-0.20015938082674195,0.010626596470580146,0.7313221639616032,-0.164233545587811,0.317109220440544,0.312681517932898,92.4641907267643,5.10725957256789,2.42854970066782,91.51943462897529,6.71378091872792,1.76678445229682
JEU4,-10.399867965792932,1.229140104678678,-2.9370466215800968,-7.453827088094526,2.1502339881683667,17.171543978987977,-2.2598910166274817,0.1273420889075291,1.4792923684086567,-1.331987379069906,0.5324227094595274,0.9124192853447162,-9.36170179484818,0.10274242107392377,4.301063322020557,0.31120939261853514,1.901363051721581,11.584472578619803,0.18652778260165956,0.6174921138185742,0.6914320571540824,42,2.033100165031094,0.5439486023820514,7.637727910474158,-1.821392996962456,-0.09745229269587766,0.2106420919110003,-0.31284000989363514,-0.46686693230182397,0.351546393404055,0.344466343333328,83.0275596934624,8.66234002158358,8.31010028495403,83.8383838383838,6.3973063973064,9.76430976430976
Lokofa_1,0.20892881231327273,-0.30099963396652807,1.1041028938882567,-0.19127326766853311,0.9252729906939576,-0.1913376258416891,0.7488168342898396,-0.08961949898717432,0.5886385914599684,-0.2840475038531534,0.15584821888648992,-0.2436877658057425,0.6264124374286567,-0.20295080666151,0.06484554688212933,-0.321574989833957,0.5873932727753272,-0.31126966823463936,0.06890429363896802,-0.4537094869802331,0.9605876951331497,81,3.6939946777522015,0.8406047146602043,40.20513314921322,-6.084325357182118,-0.2550138443710404,1.4545442663253874,1.7108339214359833,-2.1646552767771396,0.543220422992145,0.525331345059469,24.7704373200959,47.1172737086163,28.1122889712879,20.335429769392,46.5408805031447,33.1236897274633
Lokofa_2,0.398650455371913,-0.45886187047983135,1.4055767279313895,-0.10112209354126067,0.6299626999590301,-0.1049823396924758,0.9346342977070484,0.16479193001374992,0.26316540797343513,-0.225215740089523,0.19993994788600805,-0.27331145934141293,0.7987632173205222,-0.38017500944787885,-0.01826151528070958,0.3127565926795717,0.42988350115363627,-0.25068869050334386,0.10527362707131624,-0.36518882601724917,0.9712297829959742,81,3.9148541802703614,0.8908634603515337,50.14175932013126,-0.14281640014113495,-1.0065813433505266,-0.23012157729957483,0.6000566725735731,0.26111411257256245,0.631775980432104,0.567394442339608,25.7434342954975,25.9304492079196,48.3261164965829,21.7741935483871,16.1290322580645,62.0967741935484
Lokofa_3,0.22203226392666103,-0.3289625332114763,1.5192243059009913,-0.14384930920998473,0.8719396141701372,0.19085348519890027,0.8955403582643005,-0.006026373170914845,0.15416551896262448,-0.3896265130445989,0.17739177536491327,-0.19998931808251177,0.6450780632383107,-0.309601424236836,0.030884183806357865,0.19723841590502603,0.6171595739193747,-0.16241091258183052,0.028684893139372798,-0.3867415112077869,0.9714933837429112,78,3.927752762400212,0.9015412593879224,50.79270604073172,-3.378076065321711,-0.44311831764614973,0.12460140261743496,0.7185633625743398,-0.3996049804059417,0.610528173816418,0.544942022335511,23.0115739093268,36.2922325831278,40.6961935075454,21.9512195121951,16.0975609756098,61.9512195121951
Lokofa_4,0.3084276927953629,-0.5151192898805157,2.2137455377519144,0.09726422423320034,0.8516252812100248,0.058474811762349234,0.9785987622901272,0.02615865737981116,0.1558103545423843,-0.24972457487622332,0.08899850935884931,-0.1353916570270525,0.8484903754721809,-0.44739963202508054,-0.01081084252941299,1.2492004381511872,0.5742902298028764,-0.2345463380246048,0.6755031626094905,-0.17306073162824512,0.9587041651833392,77,3.6954646218298786,0.850743590686175,40.26427590420002,-0.7095123099890837,-0.19680954033378156,0.6309310160888146,1.2682135820233844,0.552887351662751,0.622875752530392,0.573872343671599,19.5443613304945,26.0400824894556,54.4155561800499,13.961038961039,19.4805194805195,66.5584415584416
M2P1,2.3042441855479785,-1.2050198085212103,-3.8840048042278945,0.6681521056829998,1.3239983128407395,-2.014987979349482,-3.521277788169799,-0.5124306377125603,-0.24472722949110126,0.6457360505997821,-0.2558421117672423,-0.004484879009438273,0.9015365811685143,-0.523509072585376,-0.07814418384577082,-2.2388482975814186,0.8970713463672768,-0.7121191004023514,-2.5975592061158657,-0.04290338790995089,0.9038488608256752,40,2.859226674577734,0.7750935508041741,17.44802871382046,0.252775791372588,0.349676204590599,0.6271505653387879,-0.6691015868012148,-0.06367291622762972,0.683213487687209,0.694475282880927,15.4810355436667,32.5609955939101,51.95796886242329,15.2588555858311,18.5286103542234,66.2125340599455
M2P10,2.5020608964510487,-0.9229722389210879,-4.357650254939834,0.864651499930762,1.1604316564559611,-1.2198098334218375,-1.6465297995890142,-0.2384625490447417,-0.2436020705720918,0.69562880566513,-0.37652074422008225,0.06975008917940725,1.3908438089295152,-0.3062413431535432,0.4263179721239826,-2.72086974356847,0.6782982418961465,-0.7652007846446275,-1.38274957794538,-0.04954708042784209,0.888443049859962,32,2.683194913773215,0.7742063991678214,14.631765929154065,-0.2534204032333319,-0.12187216612515622,0.23374810583037048,-0.8978784991134292,-0.2754804169357551,0.690164218831327,0.704236641780394,6.69558386349674,27.4414822287035,65.8629339077998,10.1492537313433,14.6268656716418,75.2238805970149
M2P11,2.2562679580868243,-0.9926932951781916,-3.8821595415475736,0.7894994869457862,1.28488286121649,-1.6961296675598256,-2.4646797134767846,-0.25469179907705614,-0.28474925256855615,0.6776441722423423,-0.3636655791155657,0.06027108989382158,1.2173410942885134,-0.3364151897610729,0.33025412540672716,-2.213835941484439,0.7628029086824987,-0.9531504358344827,-1.777947606381285,0.08064815940774472,0.9222389434199592,36,2.9447014968986926,0.8217345987202626,19.004988491667902,-0.4397329115980894,-0.6411744982756926,-0.18965516038740227,0.5589857690301863,-0.22290477388734528,0.635462569755377,0.657500079134871,7.58767264786432,22.0652340462622,70.3470933058735,12.2448979591837,15.0510204081633,72.7040816326531
M2P12,1.639985910917796,-0.8259556353554441,-2.379971647145849,0.4195661217582805,1.4528218444083358,-2.1412735451843865,-3.936773050395099,-0.5568336411870545,-0.2972080499520448,0.6533637746917937,-0.2088956478855213,0.01989705035251481,0.9518048366189633,-0.31746206109422337,0.09772025129558369,-1.650099612281772,0.9433919176162339,-0.9580175735766536,-3.017906603607043,-0.17872856550246013,0.9264462809917355,27,2.8981825203461504,0.8793464719810995,18.141144228543265,-1.0589602494864114,-5.440936386707096,-3.354133453918858,-1.7213640277217972,-0.6372226154639702,0.635644356226869,0.653928564254394,9.10336361635011,51.6709196846034,39.2257166990465,13.0434782608696,23.9130434782609,63.0434782608696
M2P13,2.6612456651936256,-1.1836143202531508,-5.131440623960261,1.061407541647558,1.4027409567376983,-1.9449250322456317,-3.0861076410018633,-0.2738186236531956,-0.2599946877094459,0.6988283676873559,-0.36700067201922926,0.05586377854497703,1.45537067243115,-0.31368243654843747,0.6012584260072007,-3.2336313443043094,0.8688740221041508,-1.208935564895397,-2.13579056939981,0.3619551943034716,0.8882686980609418,31,2.6674035071995,0.7767657094690371,14.402524550163784,-0.4434909542469387,0.13342600007734876,0.4472950074119979,-0.24350389027667682,-0.21858222416416692,0.637840779216822,0.657192921473554,5.92087902883632,23.9533902764028,70.1257306947609,5.88235294117647,17.9411764705882,76.1764705882353
M2P14,4.417771395228432,22.40963053652342,0.18805534245905026,-0.11278605854590966,0.8517130163707785,-0.1858228433291364,1.8891210816471333,-0.17839765012122064,0.3296111660734739,2.7299146916668287,-2.1679967013150048,3.0721511758483864,1.5810644008310641,14.971672645794163,0.16471787763635815,1.6663018006285504,0.6039354378458595,-0.8533204822285337,-0.9642339659530665,-0.7528107058980331,0.3414309817266723,9,0.7109988018397766,0.3235894997596231,2.0360238277558844,-1.098113017658772,0.050226256160747565,0.14696760332320868,0.1232656314089185,-0.4863175183215391,0.54615367719752,0.54369969160711,11.4963812559484,86.5458981191331,1.95772062491853,15.3638814016173,83.2884097035041,1.34770889487871
M2P15,2.833957595449491,5.197904931885698,-3.2533353688477353,0.7528943410702463,0.9957061551313946,-0.6251183262894247,0.8354460420543763,-0.025528948936803738,-0.08386817413017401,1.4297353692284098,-0.9533847257772335,1.039698754593855,1.389077622349027,3.680181724794816,0.6739550749434825,-1.3108359815106065,0.6192003786576356,-0.6663447431145033,0.1498586520957203,-0.20109533251759862,0.716788665879575,19,1.730670100246442,0.5877758420167323,5.64443497870903,-4.2049812365162484,1.4302444694832077,-0.5023682802518394,-0.534709071477855,-1.6779815150489539,0.584264631985949,0.574557256480786,44.1765276822745,42.3730346174872,13.4504377002383,56.8452380952381,21.4285714285714,21.7261904761905
M2P16,2.140311307401092,-0.10949403460769808,-3.848427341296013,0.6262213211960622,1.3968937568664108,-0.01291861613964327,-2.2223175146172207,-0.14135318739370195,-0.27864210958548163,0.6912053631432283,-0.4328645385126336,0.21157936110512687,1.1912815778310162,0.1497527436695517,0.6904303292021665,-2.213627451884898,0.9536340674631919,-0.07764869633883566,-1.3519995515147498,0.4633536787287236,0.9051903114186851,38,2.7565827220596923,0.7578054789682395,15.745942642109595,-1.2731588585290337,-0.15158727745082637,-0.16046637179438122,-0.16734003156006871,0.8768029663023329,0.615640475969634,0.621795535009695,25.8232868328363,37.9801263579718,36.1965868091919,29.2,18.4,52.4
M2P2,2.337111678339462,-1.3272287484776564,-3.463554358261436,0.6721674209878209,1.4958992650668566,-2.1499102306231936,-3.9934851993264746,-0.3582889835831437,-0.2469776201070443,0.5805197781478275,-0.2887464057757118,-0.03364084069002113,1.3497895713215209,-0.6340048010894594,0.33957621789803105,-1.8689726919957534,0.9615553118404816,-1.1774648300141555,-2.77567140590334,0.3951568657387831,0.908962238957432,38,2.8007885020220344,0.7699579828599046,16.45761852178144,-0.18944088516732718,0.41119835253150205,0.4616926163203588,-1.408174730899741,-0.5364426308509505,0.709805193958147,0.694677733427073,6.63822747542727,42.4068565866676,50.9549159379051,6.12691466083151,24.0700218818381,69.8030634573304
M2P9,1.4456038811263412,-0.8602892390913759,-1.3755218543249446,0.1283700899142908,1.168938684629022,-1.8293904939951706,-2.737616649988755,-0.3528221132615416,-0.4607544197032783,0.49054223953641457,-0.20493444460466473,0.022995695781191632,-2.0541661630965775,-0.2574881565421309,-3.245137114983782,-1.3006375387370137,0.9499076923047983,0.5311833740094776,-2.277534168318552,-0.3298598095920895,0.8858754722840433,23,2.5937688648864685,0.827228081528401,13.38010450070193,-0.373691075977124,-1.0639568762653013,0.17539185815423738,-0.017612590649614512,0.7312857651100446,0.594672817916126,0.641942972642423,28.381647057172895,19.9978430656672,51.62050987716,32.5,19.1666666666667,48.3333333333333
MAB01h,0.8467536900903312,-0.6469698031751442,2.4798043280320674,-0.3966057756152592,1.0086601040014773,-0.9231942279803566,1.809424726888231,0.9176697372320098,-1.9975986737846378,-1.266920478955509,0.07724722683148356,0.2535239393024758,1.1376464987470682,-0.9271668037869374,0.10782354435111828,2.483424650001566,0.6252102964497741,-0.8614642780642626,1.5367790235062784,0.4933184192565222,0.912398189070903,46,2.9923583705414845,0.7815718581754637,19.932635644053537,0.8309281933133232,-0.5809830103221818,-0.06632166502268641,-0.2681904979020478,0.2904557679036453,0.663147146,0.65285603368442,1.00983459314163,21.2989256702205,77.6912397366378,1.41509433962264,10.377358490566,88.2075471698113
MAB02h,0.7807459396700751,-0.5350420507338292,0.9192551581217346,-0.16037745934830278,0.9581917441753462,-0.8951103917512189,1.3804087304530224,0.6723722553543658,-1.5375915756519312,-0.9188237282744486,0.04661151101206528,0.14303723533242932,0.6391284733545433,-0.7256566222639574,-0.3424764055448576,1.2738340334027214,0.6192973383048087,-0.6940312413248764,1.3707384651767462,0.47070673532507895,0.9510458683241861,52,3.4206507438095852,0.8657149463404056,30.58931435261899,2.112427427892386,0.33813620556156804,-0.17273905556647848,-0.1151119643617759,-0.27912885990586633,0.656649998,0.634551671275927,5.46358001965594,26.2283206364633,68.3080993438808,8.5,18,73.5
MAB03h,0.9663212515940253,-0.7767346118648052,2.748463426335388,-0.009326875342863875,1.1042717317176738,-1.1114107294012256,4.37336482669232,2.208881327143677,-1.7927605948976597,-1.0306403343932362,-0.07694049570024576,0.21945691414211171,1.2381894869747225,-1.0981941316261492,-0.074681097750503,3.1462481056831804,0.6180193818398192,-1.1811884402412922,3.6753826615824043,1.3083760458587534,0.9350659440980518,47,3.1346668286764516,0.8141679626215309,22.980977963568336,1.8104599502044345,0.7288603985839389,0.1012073155892905,-0.814161780989905,-0.5625114849103833,0.693588416,0.700518812557906,5.5780508815275,25.4264451135808,68.9955040048918,3.39425587467363,9.39947780678851,87.2062663185379
MAB04h,1.1901075560700942,-0.8323013797051632,1.7553592377029419,-0.14861060369697682,1.1743315311188485,-1.2213730302268713,4.1705249262860224,2.1747386459546925,-1.8162933415692883,-0.984483311554482,-0.08880517170174612,0.23970791445727105,1.29336665831125,-0.9989488814505105,0.165998321608927,2.378088137899821,0.6481132156638124,-1.1909152459344783,3.3940435161752527,1.217941002918048,0.9369629229012679,51,3.209858135369831,0.8163785567331352,24.775571198019385,1.8224317502515577,-0.26390533788610887,-0.025153455198478017,-1.2722144471951355,0.9780480164346934,0.713588527,0.704608763066801,22.8512555924755,17.37821669309,59.77052771443449,7.48663101604278,9.62566844919786,82.8877005347594
MAB05h,0.6046733008396225,-0.6961814527259536,4.193828042941568,0.20974160620007998,1.1054437518112892,-1.0644621889474952,4.4297350732989225,2.117558947204218,-1.5993754936431168,-0.9798584373827585,0.004977348454623771,0.15058282638736822,1.0297226883021453,-0.8087137999076742,-0.12872628538939423,2.948331002112735,0.6260007953805498,-1.1075166101445886,3.4219564255775863,1.1516515310693074,0.9230249484066656,53,3.1123196065581213,0.7839019584264286,22.473112768094957,2.5405245958202967,-0.042840555333085756,-1.09560588084842,0.1056032789424036,-0.6318687676561164,0.72720373,0.710018821162178,13.6464545253348,21.0844439627338,65.2691015119314,3.85674931129477,12.9476584022039,83.1955922865014
MAB06h,0.8416082021900134,-0.6905551695395933,2.253265083228555,-0.0974672899055473,0.8946186398213324,-1.087343262043693,4.204255960327843,2.1497836283440477,-1.8797863739826692,-1.1066316540441883,-0.060203658690544115,0.23653180242980457,1.1844566521958648,-0.9255114657994526,0.054500465584842915,2.4916016985306992,0.45822425665875133,-1.015708563808028,3.1108606155736824,0.930235562818871,0.9486332179930795,49,3.2817652735028613,0.843246867049866,26.622727639200846,1.6547841533355045,0.8565633611663046,0.932425905486888,0.07741467646269617,0.5226834752943421,0.719755066,0.713263417375382,1.61976287295725,18.8212320352178,79.5590050918249,3.06748466257669,10.4294478527607,86.5030674846626
MAB07h,1.1714980870609375,-0.7349604380165929,1.44335586122889,-0.1574237961716648,1.1439777622758696,-1.2280776198265013,1.9325832697561336,1.2976985685816695,-1.77072973516777,-0.8506059698094521,-0.006426388438516505,0.23496967930688295,0.9409255498266607,-0.9793800619389076,-0.3000290174225254,2.362060065468052,0.702611038347763,-0.9325236390780872,2.001036679950214,0.8664856310963197,0.9455741719895601,61,3.379805639418389,0.8221623311952583,29.365063147853206,0.9451296170805841,0.8281171236204208,1.073352898282744,0.6759678801547127,0.6342994773876593,0.696105806,0.685098189538624,12.5170720606483,16.780908383956,70.7020195553957,9.28571428571429,10.952380952381,79.7619047619048
MAB08h,1.0029558136330334,-0.7719168620763317,2.452735742713567,-0.2846531707597539,1.1731455150583987,-1.2781408203364448,5.179006329763619,2.69967661134495,-2.045023071303377,-1.1871075619388622,-0.0029328946338591094,0.2665195252275223,1.1527763763582253,-1.2203444594455868,-0.1560650659391382,3.241705114212339,0.6850455589218791,-1.2652831123764683,4.282669439653208,1.5653665208349656,0.925,41,3.0047458138764074,0.8091254888566188,20.181085692034344,1.0332525128058303,0.11014131173695811,0.5728208179634207,-1.057820438809372,0.23704575472310835,0.73036762,0.701270426665411,1.06409500838337,17.1708279972792,81.7650769943374,3.20512820512821,9.93589743589744,86.8589743589744
MAB09h,0.7557792901708447,-0.5698793480996945,1.6545103276809434,-0.188774218324548,1.0637024674668019,-0.9831785200969843,3.7988237855910545,1.8215329618940366,-1.8421663180704593,-1.0789371241038328,-0.05915017928743597,0.18951142708165666,1.1874034733532295,-0.894519710815713,0.1347535678229234,2.3071178943784516,0.6020914066353731,-0.9682405699494474,2.94587625269501,0.8723044569033341,0.9520203576680256,59,3.464625383063545,0.8496857308427095,31.964483093205292,2.8968654753252596,1.440420452057761,0.35941608080409093,-0.3829039453221461,-0.09702638978407685,0.67802734,0.670076961576783,6.62288361844037,34.9483219894018,58.4287943921579,4.76190476190476,19.3650793650794,75.8730158730159
MAB10h,1.0273845242988837,-0.7127643531177794,1.8718463877302185,-0.21979668705436942,1.0407104286012911,-1.0577557696675153,3.5572363352553853,1.7795978676920352,-1.8470407875427488,-0.996713205853226,-0.04854641547445656,0.24601564647660096,1.1521116483788116,-0.8104369113247811,0.1319370084570012,2.05164219968152,0.5825303825160298,-1.013363049327461,2.8255623608772273,0.9273857804224055,0.9417212282483106,58,3.350706432658684,0.825207107686453,28.52287601945335,1.52713635498352,-0.11980508245863603,-0.03116201918908698,-1.3723253194320812,-0.1350091002983972,0.696110429,0.681107526516997,14.807512643502,21.9197533318538,63.2727340246442,7.25075528700906,16.3141993957704,76.4350453172206
MAB11h,0.6431507283417461,-0.4931780647833085,2.1164760222114616,-0.4016891730630473,1.043710004160715,-0.9783076113898723,2.8009108203655524,1.226215084344145,-2.061553087190504,-1.232620395229149,0.3120115671165846,0.24979069081978883,0.9436077109117523,-0.6598817488446115,0.05199505983475953,1.7827671984248816,0.6267674656554193,-0.811323747373386,1.9424649305105228,0.3981256421878696,0.8755929385300014,44,2.7953783096871527,0.7386993200953135,16.36882006516463,6.860654003530572,2.1302531534495093,-4.318725726503346,3.109157835026495,-2.4361904986741307,0.705835012,0.76645148713514,3.09743595763107,57.7090486318407,39.1935154105282,2.12014134275618,31.8021201413428,66.0777385159011
MAB12h,0.3681722384179533,-0.2959073714051165,1.3078562442761126,-0.2750510547731429,0.8379594248504129,-0.5345111846347024,0.7415636243072546,0.07246852837463538,-1.113038197226842,-1.1790004975703692,0.34967550467056135,0.004249300027361697,0.5884695428602665,-0.5441522731993275,-0.24816312010036612,0.6300741639705786,0.6072552984897113,-0.3288152442858588,0.07730360780626616,-0.13000920377004715,0.93789802289282,43,3.1202803082076396,0.8295969935734894,22.652728499039334,-0.6944663109410681,-0.2704614727788599,-0.2010775844305189,0.6002510878658567,-0.5149544246352085,0.652724233,0.64949393390028,47.5460317343373,11.1219139036402,41.3320543620225,32.2097378277154,14.2322097378277,53.5580524344569
MIX-L6A,0.9124620521665681,-0.7730381164010184,-0.6763659711731794,-0.2758782943651011,0.8330098395252356,-0.40912449316649074,-0.04146387199660849,0.09815373216844338,0.23655453559998021,0.22671411852713372,-0.12875823365811417,-0.17673213815334285,0.9326846471113787,-0.5628995401728234,0.3354660757315303,-0.617953555832183,0.49854337461877934,-0.521919031083672,-0.2608893398182962,-0.08685810427704634,0.9490526406035665,79,3.5475951061461735,0.8119092448129747,34.72969574535406,0.7876573950285157,0.4926477435872389,0.6172739907313761,-0.7562435393000925,-0.05253429334916346,0.640898273712083,0.638520286467947,1.07039925606251,27.4317466899393,71.4978540539982,0.932400932400932,22.6107226107226,76.4568764568765
MIX-L7A,1.1441656144946657,-0.851675468715837,-0.46598077184458964,-0.20208452348490347,0.588494345793659,-0.8239485860655273,0.05090435050035301,0.259533635042583,0.1411299237937624,0.36267642068952805,-0.23006058493197065,-0.22272949281890284,1.0278589466820287,-0.5983295442890401,0.14721093302944524,-0.6842884596010002,0.32647468562478427,-0.6911087458724239,-0.3000862958522431,-0.12662247556624112,0.9390744579081632,66,3.3208737089859763,0.792636604557004,27.68452821593522,2.1593834338756293,1.0675616439712754,0.25164959724394426,-0.6715896341972172,-0.47304853514556816,0.649803859434677,0.674928961559939,5.60923283314469,16.0918098603184,78.2989573065369,6.69642857142857,6.02678571428571,87.2767857142857
MIX2,0.6733276705574923,-0.6608339059239334,0.17144333738770973,-0.49893636991318874,0.5277366918201626,-0.2692797472263512,0.5563599297421497,0.231652821994494,0.24617261981307204,0.2636201491274235,-0.20553411144619277,-0.237709877440182,0.791626886878369,-0.4192680785217105,0.2897284944519213,-0.5620088524681611,0.3076608590233034,-0.4027054680181046,-0.20707481048168297,-0.254134787335695,0.9487308673469388,75,3.5042099807362277,0.8116316452035456,33.25516125388074,1.3700406116767079,0.9146731639661038,0.8974911324093137,-0.09905455464722646,0.27775554861973256,0.656734887856601,0.665028263164137,1.38247158661037,33.9385541169351,64.6789742964545,1.46788990825688,20.1834862385321,78.348623853211
MIX6,0.5147317887866579,-0.5704905911474959,0.4993277575808002,-0.3864976183791054,0.5301040320874186,-0.2835203677542459,0.5303540501481164,0.2776407061566865,0.21319958208232995,0.15820856567175728,-0.1598030910180082,-0.20978956259150022,0.7291745019435351,-0.4420253648929804,0.16484295751782171,-0.12782670486435385,0.30268134638009797,-0.38870697533069143,0.010757138901369694,-0.18217860510478415,0.964699143577757,79,3.8559649708522534,0.8824833482507746,47.27421317599589,1.2510644945557365,0.20614988434130518,0.509661046892756,-0.4830410502909902,0.22006227722845975,0.634568612300051,0.646148763802375,4.10523084653285,29.957037838017,65.9377313154502,6.9620253164557,21.2025316455696,71.8354430379747
Model_OR_lidar_87_Principal,-0.1672044706568722,-0.3449945878644577,0.25465306388098186,-0.4786048428973262,1.106830656471435,1.7677093099653232,0.2928045806088451,-0.03239580090423421,0.28904443555590226,0.08097463278652074,-0.0710704252928874,-0.18001737274178203,0.3398843647372356,-0.38983457611329597,0.3657645812332503,-0.07759246263497868,0.7470721473049816,0.9909960521000121,0.03316724966219864,-0.23484738053984489,0.959604967631127,84,3.7608119115341068,0.8487852426026473,42.98331046082727,1.1704114755498187,0.47403600964762316,0.41965714735880466,0.6942588206859126,0.15569802822823525,0.608632293676364,0.585487275390671,22.4990631726994,31.992504242986,45.5084325843146,19.1044776119403,22.9850746268657,57.910447761194
Modele_2406_Principal,0.687039404060832,-0.4116773113376548,0.6477446911336457,-0.15190573044557035,-1.1620775723400267,-0.4199697304046706,0.6783537795369575,0.1378747919011408,0.018040206319336116,0.208236238871753,-0.3439069766738044,-0.3687087611014323,0.9881608460469514,-0.010242132241361692,0.17785864216275601,0.3710629144829105,-0.78936614897978,-0.5927954053051728,0.47441380153906126,0.14744248705066856,0.9650786020758781,99,3.865636638565807,0.8412482730896744,47.73365184496121,0.3898244281550061,-0.12215299402788292,0.2564709103327014,-0.8677762383236565,-0.2539487977091841,0.623091562446593,0.634375789741125,8.6200916843072,18.4311546443041,72.9487536713887,9.23482849604222,16.622691292876,74.1424802110818
Modele_4301_Principal,0.7935604172845037,1.727205632045672,1.2320990383663855,-0.11953377332525805,-3.2446087968938735,-0.21841018069944407,0.6424238325115822,0.030342463382796156,0.23088406987279,0.5692370798644153,-0.5240425667585826,0.09325345957075701,0.343995459529411,1.3845240145268263,-0.628059785308131,0.7452117650491816,-2.1034588552041424,-0.23598663974966536,0.21017631355232827,0.040484796810101024,0.9542596076323568,71,3.6004626778146736,0.8446476821322364,36.615171552721456,-0.0364272510106473,-0.7475121332335775,-0.13523838386008458,0.16406417234372564,0.1725247790224508,0.640060779405637,0.636506334552029,18.1537937010639,28.9614394732582,52.88476682567791,11.9718309859155,22.1830985915493,65.8450704225352
Modele_4402_Principal,-0.3193272104347067,-0.14454869878881982,-1.3525474647674072,-0.13402415144822738,0.8438178929888102,0.02352579769112766,0.29923760881711037,-0.1535982641239822,0.37470981854881147,0.19607397168002963,-0.1371832403570711,0.011352333494581755,-0.08707015070087555,-0.42874964167549884,0.304504287050829,0.35861407264885065,0.5947086674938562,-0.5187921057700974,1.6044114236192115,0.6460117499696582,0.9287812314098751,53,3.185991556282392,0.8024577601982833,24.19126351686394,0.22330380911458914,-0.6403724595902869,-0.07031019513482174,-0.07717515283823648,0.15815818456588124,0.642357901463453,0.651334988059448,8.61086574307945,16.013186450179,75.3759478067415,16.304347826087,10.5072463768116,73.1884057971015
Modele_4503_Principal,0.37362975429094025,-0.279187447395006,0.7438076786425791,-0.19795915962661986,0.835493436661834,-0.43725206073978434,0.8466257923406179,-0.10170935319219666,0.8645009380006651,-0.5636345854409321,0.021726746589352773,-6.016042445445779,0.5629981346915636,-0.1664492306433204,0.024892738241756356,-0.08351827464715941,0.6057296607030419,-0.31778900004848737,0.2795514396765515,-0.7329146504687144,0.9209428044437267,38,2.9294231375268267,0.8053206189203156,18.71683034482858,-0.5780177985471244,-0.5683486429875065,-0.00103196081588805,0.34135788002687284,-0.021826346375737105,0.572209192986449,0.501207423722136,27.0440551100714,60.8537969253324,12.1021479645963,24.9027237354086,40.0778210116732,35.0194552529183
Modele_MA_lidar_205_principal,0.37279405562360485,-0.34138842720048446,0.5566929489039436,-0.2365383699997152,0.7409391209248684,-0.20751291126076238,1.1465649527178337,0.046510824889901374,0.44330979539509896,0.19771602114223694,-0.2213688923421302,-0.8327544913377762,0.6997771752053698,-0.330925473645812,0.05194536532064805,0.35345127097465134,0.4329912019792569,-0.3337138058671299,0.4873279895691158,-0.7277611958604561,0.943354728345636,64,3.470251853365552,0.8344191899143695,32.1448372108,0.6517707124899204,0.13328076661089971,0.40914280844528833,-0.12291021051325121,0.07344325957972127,0.633491078157232,0.627546817211436,4.74602138430441,25.8279154559422,69.4260631597534,4.90463215258856,26.158038147139,68.9373297002725
PARAP_Gungu_5,0.5556405762985895,0.5879293848518082,0.998626391116089,-0.24144231917547782,0.7408045266319178,-0.3343947808371252,1.2036568183511036,-0.12074194488933337,0.5901985100257938,0.8573308893863536,-0.6708387203800324,-0.16657471576380586,-2.2194204553944106,0.30849468124827534,-3.4784584011446436,-0.7864977595857175,0.7880961169614731,1.5263145903319877,-0.33089528854513983,-0.40549101659762943,0.9015071331673649,54,3.014042022084184,0.7555913954281639,20.369567994473254,-6.448622692246097,4.511898070677653,-4.681895741029813,-1.2276332424650822,2.9759703030422844,0.537557003550616,0.544603720945961,30.0359639659303,29.6449806592037,40.319055374866,29.5983086680761,32.3467230443975,38.0549682875264
PARAP_Idiofa_6,0.579111860140657,-0.3621887999858294,0.003740717159636711,-0.05119887762539512,0.8383582087701256,-0.487041846031933,0.3944087355733537,-0.07155441439971562,0.4152341087667678,0.07245127958286661,0.11397946793987215,-0.07313936727941359,0.9775275281404356,-0.1584536062493272,0.4971521911262298,-1.8844926868128977,0.5983701677817058,-0.6811771418469655,-0.13489031065489823,-0.1949771321773365,0.9411074503135296,62,3.3411070066833712,0.809546454021479,28.250382764411576,-2.676149602015098,-0.31035143230403794,-0.37866521602135506,0.3800637533211366,0.7279967471361609,0.639826968766586,0.645456062621043,12.6282517230371,59.4717856735481,27.8999626034148,21.7582417582418,47.6923076923077,30.5494505494506
PARAP_Luhudi_5,-0.6362246031023256,-0.15758705439287726,0.8938757497840158,-0.526612457867663,0.9419300884318642,1.52885283582169,0.7327549276254786,-0.061002068095536315,0.8962188198792709,-0.6886392855842856,0.28763415880583393,-0.2128976717504751,-0.17389564774130722,-0.14793198805392405,0.05366788690099553,-0.1787780775146948,0.67907235173044,0.9261318990837278,0.10070149960749071,-0.40646684275085654,0.9204276937618148,65,3.166422687643949,0.7585359198652195,23.72246970112455,-2.9341577977954834,0.6161443916777061,-0.2819607427186562,0.33526410400606793,-1.0374138679818645,0.51063808437062,0.498633188375883,44.1915918072202,31.4997872542789,24.3086209385009,40.2277039848197,33.7760910815939,25.9962049335863
PARAP_Lukolela_53,0.6560173960343472,0.04420329937400556,-0.041754444607514436,0.4652758433616698,0.9208866455874152,-0.499266685289311,1.215355065444659,0.30630071257386826,-0.1965463189576773,0.42126855048352685,-0.492399387911028,0.23555392885088974,1.337843110579365,-0.24368405229021503,0.06759890073067733,2.879851068991016,0.5986365534258314,-0.8331248136552494,2.001291754634633,0.6314988101605611,0.887146034884542,40,2.75450437692032,0.7467049035306437,15.71325112265245,0.37269734352129513,-0.1667843355570549,0.05590760883928381,-0.10886454573323659,-0.36617483407399537,0.798892924272538,0.752455462105297,31.8341084824958,12.4511061599584,55.7147853575458,13.3484162895928,7.69230769230769,78.9592760180996
PARAP_Mampulu_28,0.3847777923829466,-0.14968183227108348,1.1934911889655304,-0.005287462342856817,0.766076400824263,-0.2960253267929044,1.2786252195666719,-0.16062524409513626,0.26348280795888,0.3491637338160351,-0.24848343411293838,-0.2896127452916375,0.7291600376744736,2.204140264058519,-0.17528336673159417,-0.022207056950010465,0.6076262785547749,-0.5070484936404667,-0.682075022041181,-0.5580242804988991,0.9393444129384583,46,3.193174375770866,0.8340228412875232,24.36565054140255,-1.1694726099693007,0.15925981197234332,0.27870973586355,-0.5171407503905441,-0.4502293920732735,0.582667015416669,0.546408294556489,27.4922056046323,47.4378379194386,25.0699564759291,18.7984496124031,29.6511627906977,51.5503875968992
PARAP_Mangai_16,-0.19491513285797163,-0.4762252187428857,-1.3519043295097268,0.8916699502054379,0.22421320572969988,-0.11866874246037236,0.9843516628852715,0.24358374226179658,0.31317133555059806,0.15359540001322103,-0.040782086561701986,0.039612213141018565,-0.14627486942370324,-0.2537114908039306,-0.5379895982975103,-1.0905454756600548,0.12297907198539235,-0.20795710444665189,0.4567726982238583,-0.24088252934955198,0.9578004804775656,80,3.660151412399371,0.8352645288455136,38.867227405983904,1.5686978944080971,-0.427274075747733,-0.5328525480687675,0.5702085510486741,0.036044049553011576,0.597694054128631,0.686729289594707,6.24268485583863,4.44773771392283,89.3095774302385,17.2774869109948,9.16230366492147,73.5602094240838
PARAP_Maniema_178,0.3911886041957886,-0.26610547621391656,0.8068031789652785,-0.2156688636226773,1.0038878371925375,-0.8551047933799473,-0.6455249988211077,-0.14886668510824966,0.47929833473189665,-0.3162221133116335,0.12448264172457045,-0.6065664960785844,0.7868129121257801,-0.3380360869589395,0.10534475450575372,0.3928876705435632,0.6678258266274909,-0.6853859904784554,-0.6369502949952004,-0.08676016651653495,0.9548808371558024,101,3.692015944386848,0.7999825640336224,40.12565656820548,-0.6456958854684727,-0.6059936158671937,-0.08407014207075758,0.5242381511580431,-0.10717543659985163,0.630463454652273,0.620584389204391,13.9805265708763,45.6635256140319,40.3559478150918,14.8984198645598,24.6049661399549,60.4966139954853
PARAP_Mashambio_26,0.8123784520700362,-0.5509674616583923,2.645519137678067,-1.3530648879228582,0.8967061727351814,-0.7156084244013342,0.6340095617892948,-0.19298708048930643,-0.6724386388317879,2.2618724606384757,4.854380921711833,0.21014038286037626,1.2154812675391355,0.21115251820429431,0.808770879795725,-3.487925776921222,0.7125277102456337,-0.8451399081976996,-0.8601249208881384,-0.2960783597586396,0.8027985253279709,36,2.1973566232411073,0.6131840408768137,9.00118849160999,-0.842576274015807,0.28584942853067435,0.3179682542241601,-0.7546232914563388,-0.5952135798333354,0.686185396307721,0.690291256281189,1.40350236316918,74.6045316814602,23.9919659553706,2.06794682422452,74.8892171344166,23.0428360413589
PARAP_SwaKibula_234,-0.14235847795794024,-0.20046732717431226,0.7248818420702425,-0.0780595476555617,0.8482101816308342,0.6641507335322725,0.6875582227527967,-0.08680404927599741,0.6907958461063497,-0.22282988628737163,0.2876834745566825,-0.1732979173456906,0.21367594574941545,-0.15789583862685908,-0.058441136987117843,-0.43257027827810735,0.6214095102744256,0.30261953236582473,-0.09736224651355965,-0.4722950326275799,0.9479164761469289,68,3.4762678866094894,0.8238562717506408,32.33880449187113,-1.609544959913007,-0.5660957624994184,0.15032380708752152,0.7637091654838676,0.011375647323252289,0.536598499317287,0.534917369676759,29.7837836839732,39.9764119783038,30.239804337723,28.9473684210526,21.3450292397661,49.7076023391813
WWF-DIAF_07_01_Principal,-1.0314239603719388,0.30244300759056203,0.430321942943946,-0.7685994134818159,1.107004656049332,2.0426761115240684,0.3286173597129745,-0.06401940313593978,0.7677257591476003,-0.266989195790176,0.08725541948803117,0.0023928313440094444,-0.6311216320480969,0.20181240859600363,0.10668315708609079,-0.9200734405727997,0.7719128543441119,1.1404094097987394,0.031871861443667444,-0.4286590586383084,0.9404297520661157,47,3.2201613951866364,0.8363734922153085,25.032159925454494,-0.3464748822517718,-0.31933055304098573,0.25456419798224994,0.2641342530915129,0.06417967008581767,0.549473097443754,0.503570346358142,28.5652866588026,61.736977360638,9.697735980559408,23.2365145228216,53.941908713693,22.8215767634855
WWF-DIAF_08_02_Principal,0.40789668086992575,-0.39038704486540654,2.7487473994440563,-0.09304292720847188,-0.02938848801931226,-0.20176763543296872,1.0694642113110766,-0.029275340935355665,0.17220175761432288,0.22431871646489743,-0.35267010801834897,-0.4035838825534887,0.44720106150886085,0.6254115064207916,-0.36835262374294825,1.007679357408342,0.004817084465386343,-0.20658542805835298,0.09276249493008423,-0.4607730557324924,0.9217294633735953,51,3.0558445518433093,0.7772075461357484,21.239115488591352,0.17066487718307194,0.37314720277228275,0.3585437178542353,0.406655683533089,-0.31477457515408136,0.565400758294462,0.577135289106496,12.3048187219172,21.4996193331732,66.1955619449096,9.27835051546392,17.7319587628866,72.9896907216495
WWF-DIAF_11_05_Principal,0.2898073370165666,-0.6116430845776842,4.538316631382322,0.4494359803886697,0.9248318591693631,-0.3488049172690668,0.7540229010154222,-0.0727186854886337,0.06261329334715031,0.05846288564267058,-0.19942859722637027,-0.32865269038483463,1.0897718531373615,-0.7436502635841354,-0.06392316264925149,3.367348647734965,0.528547965131206,-0.6427140079677562,1.370426568851855,-0.021711062294095453,0.8942569471818922,57,2.860773102236542,0.7075777457971157,17.475031701717526,-0.36578578147000806,-0.692249510164092,0.26023426181508225,-0.8223460142783878,0.2848973165777318,0.671191372015157,0.686660463415449,8.16214143916596,17.5986104498632,74.2392481109708,3.44827586206897,10.1419878296146,86.4097363083164
WWF-DIAF_13_07_Principal,1.3435354624699603,-0.5519905808775007,-1.6931130023857204,0.2762033092274457,0.8285515883589689,-0.6579257067890806,0.17327490487180436,0.032801731496160745,0.16113825028225393,0.43110165205654843,-0.31482978797142064,-0.10606218139929265,1.1010784560178302,-0.287323930265982,0.316081717733385,-1.002617311121561,0.4813879094069997,-0.5839218977267695,0.22373572150701818,-0.06672568299053484,0.9333404923622111,54,3.313348019553409,0.8306245351889053,27.476965062039874,1.1025518149863833,0.27725655618731015,0.767761703136654,-0.05200246705315548,0.6106835601022158,0.678001575103467,0.670209102228902,0.848968879889335,19.1576820445902,79.9933490755205,0.540540540540541,21.6216216216216,77.8378378378378
WWF-DIAF_14_08_Principal,0.5693538335382478,-0.2054469551795261,1.6556392438923844,-0.08863638685018521,0.7609726356084904,-0.4232980540821434,1.2981902293638192,-0.07268487363539078,0.049837324597563244,0.26106910980253906,-0.2662655167755444,-0.32012895694308813,0.906268702039232,-0.15139266030517384,-0.036983952397918816,0.98699964313578,0.4419699778714819,-0.6792196693792444,0.9958245622355175,-0.16201581519495484,0.9402469281663516,68,3.4276793978354525,0.8123410685162841,30.805073419767027,-0.4248268402776001,-0.2975626137743979,0.12375466026058643,0.11442074972869237,-0.16650841987356743,0.640454370495342,0.688332733627453,0.76849989380366,18.3443690473942,80.8871310588021,1.88087774294671,16.3009404388715,81.8181818181818
WWF-DIAF_15_09_Principal,0.38710510357398054,-0.03181046776651088,0.5199550850496498,-0.13656241415860065,0.8256272246785252,-0.3294669081644571,0.8558556852134618,-0.06585553294970459,0.5131709290789728,-0.007878648066319084,-0.06210119590723551,-0.2544694856208651,0.7143667958573184,-0.08285856757006857,0.13813272156387243,-0.19287684960376267,0.5436819146414478,-0.47399043955869596,0.14064078559458948,-0.3156035668188097,0.938241348887364,69,3.3723722956041247,0.7964779090801114,29.147591808322606,-1.4196301055308203,-0.014104038855419415,-0.03477597242016875,0.1721141544050099,-0.6923164667445073,0.564973771653605,0.520670596553185,24.5525304082257,13.8571017217148,61.5903678700594,15.8208955223881,18.2089552238806,65.9701492537314
WWF-DIAF_16_10_Principal,-0.9448242334183787,-0.06749922348561017,0.3273536173171677,-1.381551410730221,1.1210933824391258,2.213717836498689,-0.20996486102838355,-0.07106716399727322,0.574689434930697,-0.14022515045691047,0.018598743182256395,-0.325067256793724,-0.275364090184077,-0.3144884748967017,1.0642693017851348,0.1732581307750163,0.7819422131394803,1.1732663657840359,-0.1027664066682814,6.410886485356178e-4,0.9727419797930467,66,3.877316369693687,0.9254500927726402,48.29443659683128,1.0937326692707685,-0.4285702758405058,0.34548294734469714,0.048430988325573715,0.816282504591818,0.590432552333974,0.599906104129332,25.5777644871974,44.5212338190299,29.9010016937727,22.093023255814,32.5581395348837,45.3488372093023
WWF-DIAF_17_11_Principal,0.4288113566749364,-0.2601490195034595,2.42107032179009,-0.15185353922224049,-1.2805829924027665,-0.5257630526576168,5.055562677723804,-18.023764185712654,0.19602356329504278,0.36790658461055775,-0.5468773252307674,-0.5022304757397736,0.6541974706834071,-0.18685500089137358,-0.16080060041416933,0.920494957258426,-0.8965965601081525,-0.44364613809177394,1.7208351834320184,-11.997306017429,0.8762477357690677,42,2.7826767222254682,0.7444951016038416,16.162224886327078,-2.8038637011474736,0.5997736528613239,-0.31498188653521786,0.540395909072866,-1.0320360428444781,0.604120483461857,0.58530795949312,3.51703482968265,19.5727804922872,76.9101846780302,3.91061452513967,9.49720670391061,86.5921787709497
WWF-DIAF_supp1_Principal,0.04145389316201308,-0.4483653379952646,6.544761264421454,0.9098600523653053,1.1268113963401258,-0.3899590271310128,1.3960432460486591,0.4672371703925253,-0.03600608243389407,-0.05176468510601053,-0.22174502030986643,-0.22369574515102034,0.6684379360495847,-0.2512786317604714,-0.42833114352089774,3.311319709006981,0.5470583590174072,-0.42470327863142987,1.137642241623058,0.039372322360389296,0.7998785629954461,39,2.2426102378238317,0.6121393481103362,9.41788214390868,-1.3024064839770215,1.250951948569372,2.201737264334477,2.7868521282703695,1.6667332184286057,0.647391569284078,0.705208027749587,27.590781440868895,12.35384863188,60.05536992725111,10.2702702702703,5.40540540540541,84.3243243243243
WWF-DIAF_supp2_Principal,-1.4001883091400318,-0.10949694412911037,0.193786008118373,-1.838958853011279,1.0591280628761555,1.497437334962387,0.8389615239332826,-0.021788774458536397,0.7485596775526392,-0.2895719763359279,0.15346250654651042,0.018574188415621796,-0.7404394865973571,-0.1856574408684995,1.260298795579235,-0.14048086729229764,0.6890556442837726,0.7203502946868884,0.2764252771899742,-0.5203880113214941,0.9250225981404958,57,3.1797481914498844,0.7864723894913533,24.04069913622639,0.5355670742012151,-1.5862349160883713,-0.5660542532101359,1.3687742498382165,1.5375336368669896,0.54118987036099,0.529590962064373,28.9278356988637,57.708459719979,13.3637045811573,16.6172106824926,54.3026706231454,29.080118694362
