genus,NSCA_Genus_DBH1,NSCA_Genus_DBH2,NSCA_Genus_DBH3,NSCA_Genus_DBH4,NSCA_Genus_DBH5
Annickia,0.15287302485939566,-0.294301198462317,0.7312093013399787,0.36046383874482657,0.5072615894747549
Barteria,0.27112581617191095,-0.37519105000163977,-0.23460663135938373,-0.082681347015703,-0.07659708353567993
Canarium,0.02796953767054502,-0.10997605633075729,0.3583025586330247,-0.16725813484900054,-0.7950083619577398
Chaetocarpus,0.3763473468911912,-0.5506428226955926,-1.123047349347013,0.3030930888450911,0.8387861948666697
Chrysophyllum,0.45402536224253986,-0.5970714464618541,-0.6386915973635308,0.07590435865670223,-2.0135224576560673
Cola,0.5254287913583761,-0.18790260611191786,-1.0772073910749809,-0.012277715836511254,-1.0639769618673673
Copaifera,0.5340710847593905,-1.058745740136004,-1.6506817205783002,0.5097340577477101,0.4344554440050796
Dacryodes,0.8962253627891691,-1.7693382572639433,4.116296998651522,2.1277176944777887,2.828842570029384
Dialium,0.253205755392661,-4.644746436219719,11.917697439549888,5.441193766386963,6.193171205899068
Diospyros,0.938922387860078,-1.6811564421265945,4.862805338668251,1.9740492770240567,2.1834449467315427
Drypetes,-0.13292187323203056,-0.6146830761053009,-2.9819740768485157,0.35603512756943384,-0.3179700428246039
Duvigneaudia,0.3947937708860109,-0.5669388518729317,-1.3375070589472244,0.3859273589253623,0.9935031913063941
Entandrophragma,0.995298613183347,-1.3732433659763217,-4.335188786699465,-0.7168578948698662,-2.24726238551551
Klainedoxa,4.269314044088472,-5.470357068034549,-14.033472926700828,3.8750429664530803,11.55873263099977
Lovoa,0.08259637465856294,-0.11524997302863622,-0.1858403444794635,0.022662740960451053,-0.10930873526459847
Macaranga,3.5110098281156747,15.980140138446002,-2.2365587142018293,-0.41008499292968226,-1.1824462629787134
Maranthes,0.2127127489637073,-0.45716630798806174,-0.25599349634092444,0.14682712019066937,-0.00582008696659355
Musanga,5.604013940433589,37.08845454565836,0.24135536297572135,2.342579099271616,5.223097700349875
Omphalocarpum,0.2554722282291351,-0.17714743803774183,-0.9369197580921378,0.06049544295266604,0.1872233950708778
Oncoba,0.6633030693601604,-0.3444419829686867,-1.1887678078834618,-0.05493971172839675,-0.04435641302613851
Ongokea,-0.043686514418590616,-0.8268038997444171,-1.8770106718876132,0.3925160209133091,0.9828994686100648
Pancovia,0.16803288435839403,-0.2579560959374593,-0.4863043447651188,0.06732801620435387,-0.6381353345900871
Pentaclethra,2.2583384830966415,-2.0613855095603526,-7.756485528922484,1.581345538963158,4.864220834413948
Piptadeniastrum,0.929944113802852,0.10538812751054824,-2.6522007327618384,0.21697687793691148,1.1231852397474011
Plagiostyles,2.306236221177429,-3.5348325081996554,-6.484487099390313,1.963789549833328,5.392162780694275
Polyalthia,1.8027701908695473,-2.616992874543279,-5.702270811537365,1.3762536088493547,1.9380230040188458
Pycnanthus,1.3746297011589166,-1.1124731195676003,-2.3111506226822156,-0.06069047809404063,2.547883551257688
Rhabdophyllum,0.026831704423727586,-0.01787436242400335,-0.06986860862507485,0.011792794524181366,0.020127886383861506
Santiria,0.8730360560995701,-1.5201954276530432,2.7509713727989213,1.618868345459952,2.6237032921481225
Scorodophloeus,-3.087670765475983,-1.1035918241261113,-0.6715872657115034,0.048303042756419,-11.315061320617561
Sorindeia,0.5684029047043925,-0.768918255902192,-1.9422776903717116,0.27469796559105253,0.6633491941279428
Staudtia,0.8125792117698434,-0.2841994608282189,-0.35274258092001093,0.8205676311932159,0.47493557380556106
Strombosia,2.2135465538395525,-3.1691644419556266,-4.395914610648935,1.551570901034682,2.277094274880321
Strombosiopsis,1.1980730388769063,-1.5563326917595213,-2.2590933525430654,0.6405506006436859,-0.04422636505677864
Uapaca,0.5863612243337101,-1.2226400171267138,-2.556593875354392,-0.859468385140537,-2.3542205914661665
Xylopia,1.1057759256381696,-1.5399907891099232,-0.26597948810590327,0.2294115345805954,0.06414235725159019
Cleistopholis,0.49581936089650996,-0.31325378181287267,-0.14813689131048707,-0.06033824895113355,-0.5501300565045316
Daniellia,0.17019281159872018,-0.23560616437741405,-0.07878081448978964,0.20619995330010915,0.3791219214995837
Dichapetalum,0.02777438095367341,-0.04763296039412799,-0.07943206669084388,0.01459822234405082,0.005542381596445597
Heisteria,0.3640798598992189,-0.20048217727604448,-0.8847023479740109,0.12704003194393623,0.09372129074520799
Maprounea,0.104068894435105,-0.16759597144163083,0.41630775457166136,0.19795369085211617,0.23105223014136306
Markhamia,0.08445373584462156,-0.05041489260762762,-0.12074138421201322,-0.03134248927345559,-0.0750883285816178
Massularia,0.05437864548251057,-0.07402747509246858,-0.20828737555726656,0.03554822346935425,0.09569110201020593
Milicia,0.391210215313742,0.13224569291569932,-0.6532088711706553,-0.09726188344540956,-0.1470678308254963
Millettia,2.47661693509992,-2.1040310562363067,-9.470068649569127,-0.5011044526440194,0.7026255674494079
Olax,0.06807838960807741,-0.07839103723674348,-0.21689574304085474,0.07113458515864854,0.15950646422006193
Picralima,0.1017918386147957,-0.1302255655531164,-0.3128660710320165,0.07050090496050837,0.16859499317176146
Anonidium,0.289177016859586,-0.2272797486335638,0.2937448149084584,0.10069163671536067,-3.1429007139688414
Garcinia,-0.2005966805888699,-0.9028542984216648,-1.9367813948766013,0.31696573137521994,0.34565743213118627
Ricinodendron,0.6787355055147082,1.2762828424597956,-0.19520308591534227,-0.3340903965088092,-1.0022207099383218
Rytigynia,0.26124807395704375,-0.3062958195079256,-0.1577999406023062,-0.06016079605143622,-0.050784859448529465
Sclerocroton,0.10409357666346462,-0.10584435974122569,-0.24492637092785582,0.012690898670286468,0.09124736985662346
Tetrapleura,0.01685257273866171,0.038843504705241,-0.0544875664526959,0.015386576757886985,0.0109649664167337
Uvaria,0.027904720295993456,-0.043338993974704906,-0.11769822937003693,0.031873574367343976,0.09909845675341487
Vitex,0.20352096092447636,-0.02764483749035063,-0.16340286955800543,-0.21744492274651692,-0.7944304127119781
Zanthoxylum,0.282092242336348,0.2867710884797829,0.2907542738202287,-0.21688896150643405,-0.8599532474787457
Dracaena,0.13615013357758696,0.36506584602959347,-0.10295932280607048,-0.058129120416637724,-0.18447235156613034
Elaeis,0.25079507478963803,0.19153397850629905,-0.2525175910261714,-0.15160711703631427,-0.242844179704207
Ficus,0.1985516823788036,0.3019632160908005,-0.11436695412717936,-0.09587774725953985,-0.3153363195347218
Fillaeopsis,0.1873419739158628,-0.2957872289532462,0.6208170224212197,0.23762143881552414,0.4404281368429867
Symphonia,0.47240489054338786,-0.7097903480757689,-1.8254164253590968,0.10768989827962006,0.31512500363155477
Alstonia,0.4378630386904061,0.002897133290673648,-0.5358161860335395,-0.20456694900330258,-0.714611645138211
Bikinia,0.25463991018253035,-0.44200852508671673,-0.952931448597544,0.2049415507990379,0.4108342640765712
Eriocoelum,0.12423467554800477,-0.36087252816749593,0.9823355370568826,-0.5064507368440875,0.5219387938734236
Erythrophleum,0.4165768741430292,-0.3290262040412812,-0.21872174560154978,0.10978829545025,-0.9937829717946048
Gilbertiodendron,-51.172337777089275,3.8028073537840568,-2.189561114562764,1.6254653077062922,2.698544071147509
Hallea,0.2981252116614076,-0.4070237249078412,-0.5414012643722251,-0.0689580856424281,-0.6977448383027554
Irvingia,-0.2784370312897355,-0.5716520796386046,0.8875049880216993,0.47843684196017183,-0.22678188755643247
Microdesmis,0.1484308461584339,-0.310952887359357,-0.07663675217821853,-0.14596690037021387,-2.024145195956782
Myrianthus,0.19244353993700516,0.04307276972141741,-0.11315023522135685,-0.13027276161324472,-0.3879985104999218
Parinari,0.195007630298196,-0.35047601969622294,0.3754671180809916,0.10122637889138345,-0.4292755544575122
Rinorea,0.06297924326275021,-0.08233631518474391,0.007206249543165651,-0.03341796671878639,-0.2597221237908287
Baillonella,0.22295322328051337,-0.29344610503087265,-0.9192585740599879,0.16831482073558804,0.47631543631531403
Ganophyllum,0.19760547976911808,-0.29596833402675243,-0.5658623990664599,0.23749084660534375,0.6197136444879896
Rauvolfia,0.11593380148790397,0.06185301856916946,-0.012756822778320895,-0.09248127886709787,-0.18473829273440256
Piptostigma,0.019372862469809248,-0.0032984689546238575,-0.04642683686194348,0.01744269556560219,0.052436778761735234
Afrostyrax,0.1153977043247922,-0.1968468202340823,-0.12595332388507194,0.09887888788289889,0.09938841932679605
Coelocaryon,-0.019994070386249674,-0.27380795708575345,0.31933726012540936,-0.3841711103953938,-1.4018956857115414
Albizia,1.1012971382155103,0.10287625115048765,0.5185906366849158,-1.6715471938046653,-4.437621480796219
Allophylus,0.014743092832434372,-0.010625508742287567,-0.001975558083031853,-0.01144484619891997,-0.039495903267448444
Amphimas,0.047211775894544686,0.028136165130180028,-0.01188172922928286,-0.03433734270829393,-0.28605095399832364
Antiaris,0.12222009434589194,0.10415114913791149,0.008353252514424153,-0.14815075305731606,-0.32818548533479236
Baikiaea,-0.14612072556349517,0.05790430029535428,-0.04288358290262847,-0.022389260753099507,-0.0806874934325909
Beilschmiedia,0.05986663431196719,-0.08335959423219626,0.3122692384379239,0.07633231147389752,0.010003775455782054
Bellucia,0.019234333222396708,0.1357116733080696,0.002270675261342143,0.008630390839925445,0.020055499120432564
Bosqueiopsis,0.05191163179424391,0.09440779688634623,-0.02342398677810875,-0.023005496812712786,-0.07034044276338813
Bridelia,0.0673692879611349,-0.057761563891260456,0.02418769419202046,-0.12102604828566736,-0.10665131461314489
Campylostemon,0.0011723765375608413,0.0047665892454843,-7.615020335536499e-4,-3.239649722334666e-4,-7.294937942578746e-4
Carapa,-0.33448868515724794,0.09367132625665896,-0.04988848483130448,-0.23964789367317363,-0.8190768631725026
Celtis,0.3502962138298782,0.04776996037709766,-0.15590491184850166,-0.19646215315112492,-1.7187261520220403
Chionanthus,0.0017375107853453706,0.0070642834942527405,-0.0011285776829982267,-4.801295618734177e-4,-0.001081140141206378
Croton,0.08958250371456165,-0.059384203564448554,0.05507687295330023,-0.019611544582470566,-0.037788767617010985
Dichostemma,0.48462084939513395,-0.14548029419481667,1.652483420651435,-0.5796458242078826,0.11434692806100356
Greenwayodendron,0.43602827634932506,-0.737616142598081,2.902820812532918,0.9637760041213369,0.8484965722864279
Grewia,0.31998738959873124,-0.31423299972582264,0.3822222388221465,-0.5243280191817612,-1.0916011247065494
Guarea,0.26818305858715863,0.05679547045816956,0.1787368974616285,-0.22480225071410984,-1.5840816881473265
Hannoa,0.018982259741590284,0.023543093376302206,0.01912239245121123,-0.03095325074497406,-0.12674019607701062
Loeseneriella,6.156146490027519e-4,0.0025029349115124476,-3.9986454187862324e-4,-1.7011393206966307e-4,-3.830570228197197e-4
Maesobotrya,0.03243156027108113,-0.0421065135802976,0.29607378940961115,-0.34772243481442716,0.19550076122699422
Maesopsis,0.46452831412936657,2.056066942591863,-0.24503267786387053,-0.09032475041991535,-0.20546681890649982
Morinda,0.2772255002565504,0.3657569748405068,0.014401341387317426,-0.2078040566814059,-0.47829837397279845
Petersianthus,1.4552580528534138,2.40252160727886,-0.2563741829408757,-0.9787717848504021,-5.903162568477482
Pseudospondias,0.15074091071388687,0.29992792244854066,0.16219933567691502,-0.019826309498303135,-0.29855119129344876
Pterocarpus,0.4253091841106641,0.2524476677765989,0.7184274826849996,-1.3106839779976673,-0.6405236178623538
Radlkofera,0.018632744231571824,0.04951829001183502,1.5450613320684996e-4,-0.010515756892163976,-0.04505756470654713
Scottellia,0.13469047851906624,-0.20724150959194415,0.5972558455807793,0.2010747710991471,0.32799629957111603
Sterculia,0.08427126526973677,0.2314863527043278,-0.011412996082435555,-0.04650784725934958,-0.20306865000944374
Tabernaemontana,0.07428118540165464,0.06379417831641811,0.04381822046217254,-0.055602071520865284,-0.266354385265156
Tessmannia,-0.9404449604662886,0.35087204247054415,-0.20521236792245245,-0.030477286434063052,-0.6997425308698539
Tetrorchidium,0.5544337018200254,2.6523206617735964,-0.17076644186927373,-0.0751808828935569,-0.26752731195780627
Tiliacora,9.313634024762641e-4,0.003786690227627183,-6.049550654081696e-4,-2.5736536782819354e-4,-5.795269698239541e-4
Treculia,0.10386323756853658,0.1874079802032813,0.002343377079254293,-0.10087882477174173,-0.3997906036066675
Trichilia,-0.5830836746602943,-0.6145232249677542,-2.076789843163353,-0.24347373097334646,-1.6192500106009184
Turraeanthus,0.12516286628264553,0.041409404111968556,0.011739220938850627,-0.1443807362813737,-1.1442239117265833
Vernonia,0.35379095840552777,2.5000034005938585,0.04379265983412419,0.15999983219296615,0.4222601957460314
Artabotrys,0.0024806063586464725,0.002655623391447134,-0.0021802327171329653,-0.0012613757055987798,-0.0028242807483908217
Casearia,0.00561612477193911,0.0038824469694353674,0.005183003794005217,-0.001585340828563713,-0.006216688429684375
Discoglypremna,0.1534767030029911,-0.05693847210313062,0.09479304186658302,-0.2376675045902117,-0.6686960003763971
Harungana,0.030326082376463673,0.11559818818361169,-0.014117688415261669,-0.00916931894381239,-0.049649366885697106
Lannea,0.09500737049597237,0.10609206436230348,0.029382341035980912,-0.11051743484632712,-0.3089470528148137
Mammea,0.3477264393223308,-0.2253388849124141,1.3705639513269678,0.6142395223441707,0.18779547639538322
Nesogordonia,0.09056900323864804,0.22688775376427475,0.009776077245237417,-0.07375862532697607,-0.18832647208185507
Pterygota,0.4473762088023267,0.10872464558441472,-0.0036855652156797163,-0.38467573879993683,-1.275155473568993
Trilepisium,0.5636831029011282,0.8332672318820464,0.12745747765812232,-0.6284490136590637,-2.2329315738919813
Aoranthe,0.018925982565094753,-0.01990639692498098,0.06826273771804699,0.0177493330058472,0.007481341993408881
Autranella,0.042387339525642664,0.16442613215766297,7.199804081166568e-4,-0.021393454530300143,-0.06158960047849222
Blighia,0.10867032364772436,0.13079615945891548,0.08736461374471494,-0.10260198810018004,-0.8764928477866932
Ceiba,0.08685854630332689,-0.08047825387859578,0.035581938208404766,-0.0899324776735258,-0.17797984184356577
Cuviera,0.0010316147905036284,0.01484183179862836,0.010281904650314451,-0.08126727949096173,0.01796074909748622
Erythrina,0.009623360369966501,0.015383975247183341,0.002749789179217014,-0.011281732093740896,-0.026645790767885574
Phyllocosmus,0.00447438831786877,0.030204705071712985,-5.946260577027457e-4,-0.004219846279357622,-0.012340606388286173
Trema,0.005512433141229434,0.03012565053474775,0.0011179566377372198,-3.5011989547475937e-6,7.809026838731496e-4
Tricalysia,0.024583537282199062,0.059899215877695096,-0.016324742302466975,-0.022656952931351254,-0.05871232700050209
Trichoscypha,0.03912497971871213,-0.039137158897757096,0.17736253012872077,0.037111842874689,0.015762127315568725
Allanblackia,0.013492648148070887,-0.09776963696262689,0.26030892578355824,-0.10812925956813933,-1.8800393074290247
Antrocaryon,0.08174678316103316,0.13989869616326941,0.03005774052430035,-0.056057290444643484,-0.3776359256375287
Combretum,-0.44235632639142064,-0.07325044061845638,-0.06851091470532851,0.009167655389612703,-0.731268897133178
Funtumia,0.3682428355052413,0.1413696262276249,0.16176754321576467,-0.3606236951143126,-0.9599825221714103
Hymenocardia,0.8961121274650641,-0.9449476526959107,-1.1890331257412179,-0.6730654933116802,-0.626245570504995
Memecylon,0.006150860303768986,0.03272449176265778,-0.001000653094874168,6.399393613525369e-4,7.373630611577425e-4
Nauclea,0.04652542100021656,-0.021806624696198533,0.062107353325044204,-0.008938014556615517,-0.008867758293540647
Pavetta,0.0014135736968072525,0.006830430034991897,1.9701294260790107e-4,-3.045542676041838e-4,-0.0029152889367575134
Prioria,-1.1193881081089996,0.1440972483080687,0.011850573908674552,-0.030483589871828795,-1.1011066149099846
Aphanocalyx,-0.13167573082971878,0.0016122866008796968,-0.04199202001678785,0.010153919530558083,0.01071781616926486
Cavacoa,-4.772218868252178,0.37619911333662975,-0.2261964173113925,0.36459763144757557,0.16238264289207513
Cleistanthus,-1.806399643383679,-0.41674299006405957,1.4206188378875244,-0.7588747698304723,0.3578583907424531
Cynometra,0.14461845490550845,-0.7045226946227556,1.2700298817809879,-0.2037285861745327,-7.116084629990824
Gilletiodendron,0.09024475113869614,-0.670309175127155,2.507182708705996,0.9266908538215207,0.7491756373718513
Inconnu,-1.3812527276341693,0.0516480565633143,-0.09654653403764371,0.04751334802952316,-0.6548157254711776
Isolona,-0.33620055778946356,-0.3149189124399189,-0.3786329380006622,0.27837844812338597,0.44661653113520744
Monopetalanthus,-0.059455235363267855,-0.004265239005028015,0.11322565738421796,-0.8288371282941787,0.23039899900707453
Parkia,0.09189297965027915,-0.20268317290197443,0.587223413506678,0.07733230241293557,0.13837628429641388
Quassia,-0.04231120587309919,-0.509932826641164,2.4111328023297838,0.9047019312818025,1.0865486630725396
Synsepalum,0.2045751825695738,-0.20690949079951435,0.7517806218359091,0.22684474535140287,-0.1926857606015272
sp.2,-0.05987994951464978,0.004082265899710376,-0.0013108309891078375,0.0051980775025267795,0.003674434759124421
Balanites,-0.06280701404561334,-0.023589841886964148,-0.04297016350500463,2.3320545795294618e-4,0.001573771163649164
Chytranthus,0.009870925601287255,0.003977088722308819,0.004957208958721184,-0.017109244657832003,-0.04448682157830271
Craterispermum,-0.21496497074599014,-0.0023017920707049245,-0.017271749677469136,0.0034755156865790837,-0.02469910205048726
Gomphia,-0.014368394973615023,0.0012962870580228492,-7.340089238532903e-4,9.967998588441996e-4,1.6711935793598713e-4
Monodora,-0.03795729576867506,-0.008213010493364044,0.0344600859727187,-0.07132084754198355,-0.010308804446654662
Panda,0.3575575398465073,0.23159376885503744,0.16327985628650502,-0.006844485260896422,-2.327522256359148
Vepris,-0.03782251076860719,0.003412269171421582,-0.0019321615585926547,0.0026239168302731697,4.3991508632549095e-4
Angylocalyx,-0.03257038164008264,-0.002066186376321128,0.051366732952081565,0.014393968454299482,-0.02828281333519735
Anthonotha,0.13200117521062824,-0.13751368212434759,0.17127930285940124,-0.07644968185972577,-0.33493091782143597
Fernandoa,0.12125629197294178,0.10803167928763285,0.025471296562295655,-0.06980637469707787,-0.33991908107895524
Grossera,0.04064288207421398,-0.09159736116997327,-0.014993546250042629,-0.020976666980566955,-0.5423437604090161
Leplaea,0.10903235374640403,-0.16698492196343612,0.014408081028351675,0.0025737168836239156,-0.6720208518426852
Pericopsis,0.06320628329311308,-0.10241341741921628,0.008178354728119328,-0.007140254420315715,-0.4954506014221839
Pleiocarpa,0.016818150750635513,-0.018703616261246597,0.012467251261607797,-0.010285126015034998,-0.10653274883664252
Tridesmostemon,0.11625094587428048,-0.06691325517993614,-0.06110030558132857,-0.11687051890062566,-1.578833358789088
indet,0.0024076327417883606,-0.0036917366426738886,-0.0014136127035725488,-5.791980674445406e-4,-0.019024647364723053
Margaritaria,0.2833704100501535,-0.01883628937265966,0.0011121138716320474,-0.21806345435618163,-0.5077271925930784
Spathodea,-0.001010900402967432,0.011047249382896496,0.01405232976673672,-0.13211520035584978,0.0446089853274215
Pausinystalia,0.05000107217879375,0.026812146200484263,-0.058919072745358694,-0.027277850296209556,-0.035201342472517154
Paramacrolobium,0.021451273599922754,0.008469318814828848,0.004734045150100986,-0.007158689290138572,-0.016107795202477147
Persea,0.03333612945723126,0.25122750283463297,0.005320179768556291,0.019633576887071735,0.04239711687719863
Alafia,4.1117220273445126e-4,-2.695084416207635e-4,7.846459170658066e-5,-5.759576178526163e-4,-0.0014418623169691813
Antidesma,9.9756238900939e-4,-6.538659060448206e-4,1.903662870080115e-4,-0.001397355301287911,-0.003498163562548327
Baphia,0.07676599532383278,-0.06931915967463764,0.11963324744075256,-0.024348601538787634,-0.16609242401986946
Bersama,0.01731062390440339,-0.02160460013446221,-0.025808189282786397,-0.004780980409088071,-0.0017410021399802092
Desplatsia,0.3571244268448095,-0.2967348632319812,-0.010930431207363285,-0.3373478712547202,-0.75257220857187
Gigasiphon,0.0013612434045764126,-9.158639062132003e-4,3.342093275491405e-4,-0.0019569338473518,-0.007038511512871878
Oxyanthus,0.010213618783545837,-0.006294923961994833,0.004823253121084523,-0.01241156925241574,-0.03612451665999289
Psychotria1,0.0037463817894818046,-0.00237992019152333,0.0026969602040979837,-0.00454601249454069,-0.019001159046438915
Tarenna,0.013435715026974682,-0.015215371189133946,0.03530341953739246,0.009132262474162276,0.011188398455635396
Thomandersia,0.0343638445943713,-0.025906780742530566,0.025687310856536222,-0.0559591249643338,-0.07336373723881325
Afzelia,-0.03550455355533208,-0.14708695374662048,0.02361497739721357,0.026212606845637955,-0.07320156980210187
Bandeiraea,0.001352690183021742,-7.508382982632535e-4,3.5550825784588867e-4,-0.0018543103246245285,-0.009670574342511638
Entadopsis,8.297546775224613e-4,-5.985142096221921e-4,3.3056066564028874e-4,-0.0012783044503287013,-0.008149766518312396
Leptoderris,0.0077704650890024225,7.59990510313745e-4,0.008917014190298623,-5.329640778552936e-4,-0.012323674847761847
Neuropeltis,2.954201202228865e-4,-2.130908623373294e-4,1.1769053459993055e-4,-4.551186810119959e-4,-0.002901586540996788
Newtonia,0.011182651910175206,-0.03343117812270595,0.03325097133917658,-0.02810053377262679,-0.24687816484062364
Phyllanthus,0.024015262751832824,-0.02312273012410181,-0.021671559643413156,-0.016541327440705522,-0.07023399890712004
Placodiscus,0.0015167955232636668,-0.0018611688508935477,0.004622175703076811,3.766147842464593e-5,-0.007865293035927744
Pseudomussaenda,0.0021532767784330892,-0.0011679225917856843,0.0035584606268056116,-0.0015453794778187311,-0.007337606959874905
Zanha,0.00447586404461164,-0.0016036929714926694,4.58117596370335e-4,-0.0052363576513607185,-0.017838889845585622
Leptaulus,0.008721237170010467,-0.010572288871044149,0.03730831029345984,0.0075853727344785135,0.0029772341403022443
Psychotria,0.0027289352876668288,0.0015602311424898977,2.021203479560934e-4,-0.0023959998223477587,-0.008740125447917968
Acacia,8.27570794072983e-4,-7.43315818416365e-4,1.0891938001141931e-4,-3.1995485415825965e-4,-8.239252675371991e-4
Syzygium,0.10668434079821745,-0.17984414147860162,0.6708439955628417,0.1797983011745644,0.1470814248389632
Paropsia,0.0861785442345118,-0.05844504879238423,-0.2976755808397196,0.048000094203542315,0.16421213393019649
Diogoa,0.56874961738001,-0.9312877024801535,2.7900271136369628,0.8621299683015518,1.4359583033221004
Anthocleista,0.031083719377510564,-0.02608653430013313,-0.008942677990116693,-0.028942589957349735,-0.07068171861621707
Corynanthe,0.30663118754292373,-0.539194736121506,1.7409102673794754,0.6437444970049286,0.8681439536002759
Coula,1.5765665739771837,-3.381623416435915,13.020296616378854,4.896873897854269,6.076057643666425
Cyrtogonone,0.09515741637243737,-0.09684530004901494,0.16269146614721822,0.019795171228220478,0.05635798199498563
Guibourtia,0.5519843405435204,-1.0264152494476386,2.810782961373747,-0.5162188204816387,0.8195918722395314
Klaineanthus,0.21374338960680328,-0.15885540331198772,1.0237868282519877,0.3478476981865077,0.2880638941378958
Lychnodiscus,0.04499986825159289,-0.036904440540944314,-0.03862205024675955,-0.011722646849805802,-0.00914306307532457
Meiocarpidium,0.29616915150934764,-0.5964794416782802,2.0627568520142168,0.8245256759485377,1.1695611946331173
Octolobus,0.0010028495694963172,-0.0017091797394306906,0.004010086592329657,0.001435009876731917,0.0027068727236154557
Pinacopodium,0.04716652842823036,-0.07751716015032761,0.18921671816698957,0.06880681290278243,0.12155228741306995
Stemonocoleus,0.021276250186999943,-0.036261605784946506,0.08507717229493526,0.030444874372832186,0.05742845491865156
Uvariastrum,0.018692539182406875,-0.03225842875862692,0.101531210685047,0.02374274104681837,-0.05906870060482291
Berlinia,0.3540045073064961,-0.29155276054256496,0.7245621619497509,-2.105253097118811,-2.330874223753192
Duboscia,0.01497811704511406,-0.017879465395224257,0.05057123396464834,0.018789778684816686,0.025048632911511843
Hypodaphnis,0.004168448077613386,-0.005778232265952158,0.015009369144152667,0.005745707108628599,0.008264845659295458
Neochevalierodendron,0.09842233208504304,-0.19671874279498364,0.6927172570195619,0.24603233037300043,0.20315213088126582
Plagiocladus,0.0015036026122191982,-0.0020842685256785734,0.005414035687313013,0.002072536362867865,0.002981215860560791
Scytopetalum,0.3833940935237646,-0.8021428498957124,3.0790868301710295,1.1307164224920228,1.4789102396120701
Shirakiopsis,0.036775463619119896,0.018640517265789185,-0.0025646248028468053,-0.04582044085355276,-0.08061960491322571
Augouardia,0.18146496588927613,-0.42252064519150623,1.7157981403500058,0.6466462245000391,0.7682434760616781
Centroplacus,0.027672150811540428,-0.06387508939151595,0.254642220746699,0.09927428466720771,0.12586217817142598
Desbordesia,0.6771350786496484,-1.1751972670036135,3.8508111939956504,0.9757503319409285,1.6987589800081577
Erismadelphus,0.029838690519951524,-0.0662047597605099,0.2733840400476547,0.10824376851804338,0.14526136832235384
Pauridiantha,0.02633618348605913,-0.01507132227675859,0.029055551248597895,-0.04767735946003265,-0.12362617025947265
Pentadesma,-0.040675149154295015,-0.05084040237958376,0.08200783895889144,0.03034503480295771,-0.02602829786078347
Warneckea,0.006305251623671519,-0.012881011859273919,0.046206143674706705,0.018077288173545546,0.01891875416964858
Anisophyllea,0.017388762085275344,-0.03464892786108585,0.13084407828360983,0.049253076884198194,0.07023831045454473
Duguetia,0.049752347477136256,-0.09392791334546745,0.3186241976655656,0.1200582043842565,0.1153810198136912
Lophira,0.9736669771014234,-1.8656158375284195,6.89009813711939,2.4176293043587687,3.2631850294627407
Scyphocephalium,0.01109706653388081,-0.03024660188511494,0.1215942912951477,0.040750117373141596,0.01713218603027332
Sindoropsis,0.01639083686507951,-0.036255805966321795,0.13445824984897445,0.05156698709232306,0.06578518395034717
Spathandra,0.001168113165701455,-0.0025746276578538408,0.009534665950562491,0.0036354779208978786,0.004578196096821033
Calpocalyx,0.26689421633779076,-0.43343037408639257,1.390194062609823,0.33322098116876014,0.6246405575559414
Hexalobus,0.0465002504614013,-0.04868947690061862,0.12957529740301688,-0.03290522558169981,-0.12390510743465112
Dactyladenia,0.001255731900405568,-0.0028982624104353133,0.010957628086884724,0.003889677117359087,0.0035144165917346776
Anopyxis,0.029659762613714287,-0.036690178813370083,0.08774915596533106,-0.027766766985217906,-0.09870611882148908
Eugenia,0.0025038276768581383,-0.004110456996119689,0.011600512406395617,0.005599751061499358,0.009199734986483833
Homalium,0.1411431814795139,0.021553665203116752,0.17100695077595102,-0.023954649281189663,-0.1793361254923324
Magnistipula,8.703476383556677e-4,-0.001428822986582074,0.00403241751416829,0.0019465117974377863,0.0031978908504724044
Aulacocalyx,0.0031220799020454967,-0.007132685281300014,0.03175204993538113,0.012937742043903678,0.016927945917992907
Crudia,0.012120550752435165,-0.027690538572220143,0.12326793189485599,0.05022695253965464,0.06571773755664784
Sacoglottis,0.07571052363410916,-0.159623947139508,0.6701508928301085,0.24525047647954054,0.33139556379608603
Pentabrachion,0.00938441169318032,-0.01866674913717217,0.07469504251565924,0.024656453137194227,0.03444400661063405
Rothmannia,0.02823526767328796,0.0037548175597147083,0.008861260335581517,-0.04650398417126228,-0.12518702590267253
Pleioceras,5.980096966586975e-4,-0.0012867539229295317,0.004718752483039231,0.001726505497462726,0.0019686245520021558
Psydrax,0.004185617786751377,-0.002007615058335639,0.01738676721931502,-0.0012855697696793835,-0.062322393270511485
Mareya,0.0024771240474766405,-0.0039662153431066945,0.012488985266588115,0.002853509671928343,0.0055446069363836396
Tapura,0.0015239181764026483,-0.0024400020092027112,0.0076831806917243076,0.0017554693153223541,0.003411023077334566
Coffea,0.0027628597374738367,0.00400675120872541,2.4397065838638028e-4,-0.002524166411403309,-0.0046173699115105715
Erythroxylum,0.024020505447011137,-0.01608805582346646,0.004974429132660262,-0.009326159005701743,-0.010567942889563689
Leptactina,0.0174408330497775,-0.01168123195124075,0.0036118385690119643,-0.006771547025641876,-0.007673182732272497
Glyphaea,0.0030142607896462485,-0.004145099773717194,-0.0042606166800014935,-0.001860893678112122,-0.014748104709433801
Anthostema,-0.009549144720032283,0.02443769039575134,0.029079971373201948,-0.008287923339956402,-0.11628544507671913
Boronella,0.018073794231253496,0.029655107635222493,0.001305355803648708,-0.010303633375047189,-0.05238174896279339
Fabaceae,-0.28060501566074497,-0.11186918368278871,0.10778543619736113,-0.05807351864665402,-0.20072384606396246
Fagara,0.02055824237350142,0.036241152752183765,0.019103274130302626,-0.006907076206874357,-0.07155621786521443
Julbernardia,-0.14449614086726548,-0.019286241556447013,0.02360724024653395,0.0047707717901891815,-0.028976598697889443
Manilkara,0.014880165908769937,0.020514848784799217,0.02371174416194428,-0.2521653609322117,0.01779167761310793
Rhandicofera,0.00720180535334228,0.011816573221353705,5.201408345391859e-4,-0.0041056549084184605,-0.020872383256712215
Rubiaceae,-0.0024406570804056905,-7.782747870424985e-4,0.001870947721156608,2.784764257932843e-4,-0.003597589424292869
Unknown,0.10078102671915637,-0.09678884055645029,0.6380311215739876,-0.10409140482027752,-0.5276185363724999
Aphanocalix,-7.501147795001194e-4,-6.96778665889961e-4,7.333971116016032e-4,2.5409127962695995e-4,-7.667162902397969e-4
Brachystegia,0.048346506101081856,-0.11361805684866914,0.06587360624801894,-0.010675541334299002,-0.3558779558947339
Caesalpiniaceae,-0.02307227306248312,-0.02143174362494123,0.0225580656248167,0.007815421781524893,-0.023582907700679206
Dialuim,-0.04005507816237536,-0.037207004430304766,0.0391623781214377,0.013568118298666644,-0.040941575573790745
Elodea,-0.0018417319972090199,-0.0017107776023255249,0.0018006856603964988,6.238619111232725e-4,-0.0018824931371930209
Euphorbiaceae,-0.002396469990257411,-0.0022260715403710036,0.0023430603114712083,8.11771935513526e-4,-0.0024495085696426694
Eusteria,-0.003945718147905625,-0.003665162055475874,0.0038577806649756205,0.0013365588849172905,-0.00403304462646381
Hunteria,-0.011214688388730042,-0.01314888090080778,0.014765636255958791,4.958628770965456e-5,-0.0241581901364224
Ifondo,-0.006458642190358975,-0.005999407306516386,0.006314699638946086,0.0021877780623048267,-0.006601584604796441
Leonardoxa,-0.001266158774374778,-0.0011761299013487644,0.001237940130408189,4.2889423323479425e-4,-0.0012941813504729679
Lohako,-6.366371887021638e-4,-5.913697784963565e-4,6.224485746614424e-4,2.1565227396698345e-4,-6.507272178741795e-4
Lonzokola,-0.007842743247628686,-0.007285093330172606,0.007667953494633068,0.00265662365552065,-0.00801631853212155
Loyako,-0.0012356500450454919,-0.001147790462770812,0.001208111343427556,4.185598120409648e-4,-0.0012629974031484414
Okukoto,-5.030219762584982e-4,-4.6725513362674977e-4,4.918112194855825e-4,1.703919201714434e-4,-5.14154838814165e-4
Olacaceae,-0.0012096525150225176,-0.0011236414594703928,0.0011826932154974143,4.0975349885902777e-4,-0.0012364244968155
Ombe,-0.0011463562031061136,-0.0010648457644938745,0.0011208075766549683,3.883127256199986e-4,-0.0011717273134181172
Otatea,-0.0010604108802394604,-9.850114924023206e-4,0.0010367777011363502,3.5919990493981816e-4,-0.0010838798520526774
Otendi,-0.003965390697457893,-0.003683435809315009,0.003877014776092709,0.001343222696144409,-0.00405315256810752
Paraberlinia,0.00396696035837579,-0.015863654735361388,0.02819672496248093,-0.00359615117333758,-7.643577164165791e-4
Tabernae,-5.42460089781724e-4,-5.038890420323973e-4,5.303703831434762e-4,1.837510500073701e-4,-5.544657951117258e-4
Wembo,-0.011075412861880901,-0.010287907409616187,0.010828577205360086,0.0037516469524138496,-0.011320533462884669
Wombe,-0.006027334330908023,-0.005598767133693283,0.005893004257149721,0.002041678333415216,-0.006160731056796927
Yaoyo,-0.002634354366049039,-0.0024470414006244113,0.002575643002638811,8.923520641818823e-4,-0.002692657793064866
Acioa,-0.002175742826024185,-3.0192685764595826e-4,3.536632757891872e-4,7.594223790834644e-5,-4.126195943191187e-4
Lasiodiscus,-0.01783253618225508,-0.09346201246664464,0.2503392158181959,-0.20802040476074002,0.01567494685648902
Mitragyna,-0.07349707413043052,-0.01019915606428673,0.011946823717850497,0.002565345601704159,-0.013938381204159528
Pierreodendron,-0.07192133502828474,-0.009980491454715159,0.011690690021354587,0.0025103459241938744,-0.013639549549377843
Sterculiaceae,-0.026808252340605455,-0.0037201691722774082,0.004357635575104625,9.357165988580895e-4,-0.005084061440017922
Citropsis,0.008442929109693914,-0.005478907330312107,0.0063388239743595465,-0.01852616782175419,-0.04635541966940039
Citrosopsis,0.008739745120571239,-0.005671521457070859,0.006561668963495214,-0.019177465867521653,-0.047985071010783524
Cordia,0.09163657978654374,-0.06179685900963348,0.060151290798298306,-0.1937193696958226,-0.48241841516948103
Maytenus,0.049927115344632546,-0.03239942378871426,0.03748452599866073,-0.10955417316825883,-0.27412197290934065
Lebruniodendron,0.18007886474283216,-0.17167167240815162,0.3297142245926521,-0.5488964927278205,-1.4512191237291676
Pteleopsis,0.052647055698319956,0.014737871231695648,0.02721204737842832,-0.061137990661994,-0.1725928067222296
Sapium,-0.003754773610132417,-0.006941542068197958,0.02641683911481091,-0.17214022245809682,0.025518355633940122
Strephonema,0.004846406847691118,-0.007149070334751357,0.018310946066032296,-0.004623015435449435,-0.007959491309812527
Tetraberlinia,3.796999286769809e-4,-3.6197319359115827e-4,6.952091115212297e-4,-0.00115735935717628,-0.003059924875479141
Alchornea,0.003225562726605274,0.0030879104686571926,0.0011685790598222282,-0.03220002771436915,7.508334504210438e-4
Dioclea,4.8308250927357434e-4,0.0011572494243666995,-3.2996309258525946e-4,-4.507557248398426e-4,-0.0011668998799969396
Ind,0.1659161201099125,-0.01789874032035015,-0.08009958832551657,-0.19604414838415332,-0.40275560161010787
Polyscias,6.356128863365995e-4,0.0015226439225447704,-4.341469410226481e-4,-5.930791154683411e-4,-0.0015353414511032448
Strychnos,0.009813350971620229,0.016928971306737605,-0.0065117459461910285,-0.008628173171441203,-0.028663327528554532
Syncephalum,0.04052989818288331,0.09709149149761676,-0.027683408713554538,-0.03781772944042692,-0.09790115025487595
Voacanga,0.006687472348972318,0.008099278185779846,-0.005958949510151797,-0.006782614851189488,-0.015656404137649706
Adenia,0.0013211889898987928,-0.0018603551909494994,-4.845163350512692e-4,-7.807222904422133e-4,-0.0010295376272293
Bertiera,0.001374775478975699,-0.00193580987902302,-5.041679742144118e-4,-8.123878332288543e-4,-0.0010712949437355582
Canthium,0.0026703058271536602,-7.39236684511562e-4,-8.112273103765092e-4,-0.0027610602801367568,-0.004520302465594681
Crossopteryx,0.0026276416953014375,-0.003699960342678783,-9.636284693326758e-4,-0.0015527365566181013,-0.0020475919924193785
Gaertnera,0.009128705194134997,-0.012854053602019218,-0.0033477472324111588,-0.005394371041861889,-0.0071135511702723735
Ouratea,0.0014124424398314045,-0.001930972377395596,-0.0010125708794262594,-6.863246322641242e-4,-7.66034569341761e-4
Sarcocephalus,0.003555181516099743,-0.0050060214237408335,-0.0013037828287947011,-0.002100842103142134,-0.0027703781748402074
Lecaniodiscus,0.026105560646654966,-0.029590451291272142,-0.03835270886396678,-0.007170738175886273,-0.0024315361369984787
Maesa,0.001632527740862776,0.002753963348365769,3.9383391729167654e-4,-0.001772097176242727,-0.004063900931226069
Pouteria,0.004245294703991319,-5.261250288201233e-4,-0.0036378546283638053,-0.0023982057920983336,-0.00403663629055505
Pseudolachnostylis,5.857719501512551e-4,9.881574694496388e-4,1.4131267481294515e-4,-6.358512586356646e-4,-0.0014581799219213955
Cryptosepalum,0.008706602187359152,-0.014987746236885334,0.047350932040478584,0.016656198759717727,-7.530049282840723e-4
IndŽterminŽe,0.05430488112526892,-0.09348167749198909,0.2953375703052328,0.10388816144127472,-0.004696647697603276
Chlamydocola,3.617887694066692e-4,-5.707010775900976e-4,-5.349296885910995e-4,-0.0012541323770887663,-0.002687602436223876
Hugonia,8.16266972851153e-4,-8.425311481353795e-4,-0.0014905978094656178,-0.0013594607125721738,-0.003266155390988042
Morelia,5.416123429790408e-4,-5.59039241267496e-4,-9.890467198546272e-4,-9.020341704532454e-4,-0.0021671709534782754
Napoleonaea,0.001368404402011426,-0.0014124341303594933,-0.0024988645528272397,-0.002279024002340199,-0.005475440711597173
Pradosia,0.048264107269708825,-0.049817051362057274,-0.08813583663780106,-0.08038198266353579,-0.1931207305859356
Dictyandra,6.608256315202224e-4,-0.0013821978778746427,0.003992900261080527,-0.002347355457027476,-0.03476784652044629
Enantia,4.243299886446904e-4,-8.875382277076726e-4,0.002563924947260205,-0.0015072861386052924,-0.022325162971179088
Lonchocarpus,1.6740181780013143e-4,-3.501414386475995e-4,0.0010114903691943792,-5.946373018635435e-4,-0.008807468159383235
Pachystela,2.0449917354531367e-4,-4.277351092620272e-4,0.0012356433595975703,-7.264128812238882e-4,-0.010759261657307534
Agelaea,0.001657467061560409,-0.002104058018344741,-0.0025716975748987614,-3.904990316869687e-4,3.70578718374528e-5
Ancistrocarpus,7.71189422114753e-4,-9.789801106126258e-4,-0.0011965643315849411,-1.8169213106384736e-4,1.7242356985497202e-5
Dalbergia,4.3379404993954836e-4,-5.506763122196018e-4,-6.730674365165286e-4,-1.0220182372341406e-4,9.69882580434237e-6
Euphorbia,0.0019043657158343882,-0.0024174814976352576,-0.0029547813086077085,-4.4866832364745865e-4,4.2578065209084766e-5
Kigelia,0.0014961468253017081,-0.001899271362553321,-0.002321395852475376,-3.524920042705505e-4,3.345105226395609e-5
Laccodiscus,0.08889107004725876,-0.11284204255383462,-0.1379218655817369,-0.020942724947060985,0.0019874385185091933
Lepidobotrys,4.7609142895859693e-4,-6.043703744088141e-4,-7.38695327151927e-4,-1.1216708091186474e-4,1.0644516302271195e-5
Monanthotaxis,0.001024147421848207,-0.0013000955764865291,-0.0015890496421849163,-2.4128900405412596e-4,2.289802601915868e-5
Rourea,3.9346399087487335e-4,-4.994796482717471e-4,-6.104920059106833e-4,-9.270006686930973e-5,8.797120910968104e-6
Salacia,7.869279817497467e-4,-9.989592965434942e-4,-0.0012209840118213666,-1.8540013373861947e-4,1.759424182193621e-5
Sclerocarya,0.0034644110932541728,-0.004397868355067906,-0.005375321062842977,-8.162148187775857e-4,7.745776990898348e-5
Ventilago,8.27258040814424e-4,-0.0010501559604913517,-0.001283559442427216,-1.949018905927245e-4,1.849594671531044e-5
Colletoecema,0.005688640337130648,-0.00834595655293889,-0.011171227718561551,-0.00428678075328469,-0.0023517717323298243
Xylia,6.664761784712795e-4,-9.77805046450821e-4,-0.0013088113709883045,-5.022355229148665e-4,-2.755315407390584e-4
Haplocoelum,0.0017891762724479327,0.0010777374695951426,-4.560353164078113e-4,-0.002466076249970796,-0.004299046212134776
Landolphia,5.998457927886173e-4,3.613262129744178e-4,-1.5289207112945976e-4,-8.267857594696339e-4,-0.0014413139851361032
Xanthophyllum,3.661168168875835e-4,2.2053601866114348e-4,-9.33179145077267e-5,-5.046299801450396e-4,-8.797082428809213e-4
Combretaceae,2.4045009892469444e-5,-0.0012755020907339056,7.532615082439998e-4,-0.00417105255615215,-0.007957483628090277
Tiliaceae,5.8768909438308735e-6,-3.117481223502899e-4,1.8410621396841256e-4,-0.0010194556418614924,-0.0019449051457555342
Daniella,0.03355732770968754,-0.05047327919560755,0.1415439756733343,-0.0024997807861699057,0.021857829897845682
Porterandia,0.007207114001069997,0.012184699229300724,3.0318698692400773e-5,-1.622144683612785e-5,-0.003955219943584593
Caloncoba,0.0010357580912856484,-0.0015540275378246736,7.831250954877718e-4,-2.6035988586879026e-4,-0.0053741513344538906
Culoncoba,3.7248277643872916e-4,-5.588645619293911e-4,2.8163005659367115e-4,-9.36314898021221e-5,-0.001932670212186855
Flureanthus,3.5260356208105336e-4,-5.290382474626594e-4,2.665996052044353e-4,-8.863442530909795e-5,-0.0018295245961718358
Gambeya,0.0042258256016271005,-0.006340331212688469,0.0031950994210251534,-0.0010622513891978009,-0.021926187675699746
Milletia,0.0033181979943194234,-0.005492595449329211,0.018956558945392415,-0.032022905699922305,0.015828278312990225
Tetracera,3.3820672368511007e-4,-5.074375633713225e-4,2.5571431689396646e-4,-8.501547293674794e-5,-0.0017548249255359657
Detarium,-0.031374975272131136,-0.06055294189841472,0.20965342715223523,-1.1715963116409647,0.3570560129561446
Ebene,-0.00441783155977025,-0.01750071367051106,0.053761612844579844,-0.2540056866378281,0.07769648267155882
Engomegoma,0.06263158905785783,-0.15405344908379903,0.32278762745268075,-0.3998351909496145,0.12741048755959233
Faux,0.011698108585043743,-0.022236883696880275,0.042878380002033104,-0.0077767507058246355,0.0037963961766308524
Hymenostegia,0.007723067415925052,-0.01468074523864995,0.028308218976932673,-0.005134194946242401,0.0025063730086388627
Longhi,6.867625455071507e-4,-0.0013054639338312187,0.0025172672302826854,-4.5655082372332865e-4,2.228755771125257e-4
Tessmania,0.014784537230272211,-0.02810386247586111,0.05419141059472799,-0.009828568396758483,0.004798037238774013
Trinerva,3.613475652313285e-4,-6.868840140937933e-4,0.0013244874675387888,-2.4021916983686805e-4,1.1726840327272887e-4
faux,0.007364295689368283,-0.01399875762508208,0.026993173017711973,-0.00489568816051317,0.002389940544272379
Morus,9.476403897920207e-4,-0.0010219015313832963,3.9878849071022594e-4,-9.976046553998288e-4,-0.0019604264983642873
bois,0.06506377770559107,-0.07016245275227051,0.027380307963459482,-0.06849426030821948,-0.13460037718075563
Marina,5.727514220998292e-4,0.0010629893901525013,-1.2245466777276702e-4,8.515839986709088e-7,-3.498858520619051e-4
Gardenia,-0.0016793512309256893,-0.0010278316005469293,0.005243441192625445,-0.040751734063525065,0.012349064856889903
Raphia,-1.0976373163485889,-0.67179890597438,3.4271548518963226,-26.635657383823567,8.071446972685784
Aidia,0.0010978668206765541,0.0014196454528933081,7.164828105715992e-4,-0.0015036284580914874,-0.0051105755486244705
Breviea,0.006948116929918695,0.008984571188381066,0.00453443555481572,-0.009516078042630771,-0.032343519106574396
Hedranthera,8.186019324881332e-4,0.0010585295860114443,5.342307484682013e-4,-0.001121149795545625,-0.0038105960954831655
